title,totalScore,reviewsCount,street,city,website,phone,url,Instagram,Tiktok,Facebook,YT,jumlah_sosmed,kategori,has_website,has_phone,cluster,tier
Altitude Bali,0.0,0.0,"Jl. Raya Kerobokan.88, Jl. Raya Kerobokan No.88",Badung Regency,https://linktr.ee/altitudebali,+62 851-9058-6678,https://www.google.com/maps/search/?api1&queryAltitude%20Bali&query_place_idChIJW4b0SyhH0i0RVCImb-uR3fs,False,False,False,False,0,Rendah,1,1,4,3
Hanen Gevecht,0.0,0.0,"F7M8+3J7, Jl. Sukma Kesuma No.76-80",Gianyar Regency,,,https://www.google.com/maps/search/?api1&queryHanen%20Gevecht&query_place_idChIJVw26g3E90i0RNMO_dgnSSec,False,False,False,False,0,Rendah,0,0,1,7
9'SQUARE Bali,4.9,77.0,Jl. Dewi Sri No.98 C,Badung Regency,https://linktr.ee/9squarebali,+62 817-329-996,https://www.google.com/maps/search/?api1&query9'SQUARE%20Bali&query_place_idChIJVYXkkYxH0i0RIpkHms83LxA,True,False,True,False,2,Tinggi,1,1,4,3
Amlapura Kota,4.9,13.0,Jl. Gajahmada No.11,Karangasem Regency,,+62 857-3890-1585,https://www.google.com/maps/search/?api1&queryAmlapura%20Kota&query_place_idChIJ0TkKIMoH0i0R_6B7Mq5qWtQ,False,False,False,False,0,Rendah,0,1,2,5
black box,4.9,17.0,"Gate88 building with the plane on top, Jl. Raya Kerobokan No.88",Badung Regency,,+62 818-168-094,https://www.google.com/maps/search/?api1&queryblack%20box&query_place_idChIJi3QoKwBH0i0RrAuPqPpxyuE,True,False,False,False,1,Sedang,0,1,2,5
Don Vito Billiard - Kitchen & Bar,4.9,831.0,Jl. Tukad Pakerisan No.98 B,Denpasar City,https://linktr.ee/donvitobilliard,+62 822-2868-3889,https://www.google.com/maps/search/?api1&queryDon%20Vito%20Billiard%20-%20Kitchen%20%26%20Bar&query_place_idChIJyasCeZ1B0i0RJvH8VWDwZMU,False,False,True,False,1,Sedang,1,1,4,3
ELANK DURIAN,4.9,17.0,Jl. Teuku Umar Barat No.391,Denpasar City,,,https://www.google.com/maps/search/?api1&queryELANK%20DURIAN&query_place_idChIJy-PnIEpH0i0RIhEytv85amE,False,False,False,False,0,Rendah,0,0,1,7
Skyler lounge,4.9,157.0,Jl. Raya Kuta No.23,Badung Regency,,+62 851-7181-9336,https://www.google.com/maps/search/?api1&querySkyler%20lounge&query_place_idChIJJZClcA9H0i0RrOmPEbyaeTg,True,False,False,False,1,Sedang,0,1,2,5
Soi Cowboy Bali,4.9,39.0,Jl. Pantai Batu Mejan No.1,Badung Regency,https://soicowboybali.com/,+62 811-3988-837,https://www.google.com/maps/search/?api1&querySoi%20Cowboy%20Bali&query_place_idChIJHd-_b2A50i0RKBwuDt5E03o,True,True,False,False,2,Tinggi,1,1,4,3
Univlox Social Club,4.9,39.0,"Univlox Social Club, Jl. Bypass Ngurah Rai No.11",Badung Regency,http://www.univloxsocialclub.com/,,https://www.google.com/maps/search/?api1&queryUnivlox%20Social%20Club&query_place_idChIJQ65jTZ9F0i0Rnu8ygWaHPoc,True,False,False,False,1,Sedang,1,0,3,4
Jenja Club Kuta,3.9,217.0,"TS Suites, Jl. Nakula Seminyak No.18",Badung Regency,,+62 811-3988-088,https://www.google.com/maps/search/?api1&queryJenja%20Club%20Kuta&query_place_idChIJo-Layt5G0i0RgKvo82SzFVw,True,False,False,False,1,Sedang,0,1,2,5
Pyramid Club Bali,3.9,166.0,Jl. Dewi Sri No.33,Badung Regency,,+62 361 8500300,https://www.google.com/maps/search/?api1&queryPyramid%20Club%20Bali&query_place_idChIJw4sNR89G0i0RvfRGoipKM1k,True,False,False,False,1,Sedang,0,1,2,5
Red Ruby Bali,3.9,646.0,"Seminyak No.919, Jl. Petitenget",Badung Regency,https://redrubygroup.com/,+62 819-0637-4621,https://www.google.com/maps/search/?api1&queryRed%20Ruby%20Bali&query_place_idChIJ9ctvCRJH0i0Rx72zqnf3UAo,True,False,False,False,1,Sedang,1,1,4,3
Hatch Uluwatu,4.8,7642.0,Jl. Labuansait No.54,Badung Regency,https://hatchuluwatu.com/bookings,+62 812-3784-9747,https://www.google.com/maps/search/?api1&queryHatch%20Uluwatu&query_place_idChIJoeoD4wFF0i0RTVXPW1YXjP0,True,True,False,False,2,Tinggi,1,1,4,3
Hush! Social House,4.8,52.0,"Pertokoan Mama Leon, Jl. Letda Tantular",Denpasar City,,+62 812-6263-9996,https://www.google.com/maps/search/?api1&queryHush!%20Social%20House&query_place_idChIJJz9XAABB0i0RvClmvrUMCqk,True,True,False,False,2,Tinggi,0,1,5,2
Impresario Clubhouse,4.8,107.0,"Kenja Square 3rd Floor, Jl. Pantai Mengiat Banjar Peminga No.7 Lot RA",Badung Regency,https://www.impresarioclub.com/,+62 811-3990-035,https://www.google.com/maps/search/?api1&queryImpresario%20Clubhouse&query_place_idChIJGRbCe3ZD0i0RZ-TZxRrqhUY,True,True,False,False,2,Tinggi,1,1,4,3
Madawa Bali,4.8,532.0,Jl. Astina Pura Jl. Raya Kampial No.1,Badung Regency,https://www.madawabali.com/,+62 811-3940-1999,https://www.google.com/maps/search/?api1&queryMadawa%20Bali&query_place_idChIJ5byX7bld0i0RKBCdwZTiu58,True,True,True,False,3,Sangat tinggi,1,1,0,1
Midnight Tokyo Club Bali,4.8,50.0,"8557+88J, Jl. Camplung Tanduk",Badung Regency,https://www.midnight-tokyo.com/,+62 823-2211-3447,https://www.google.com/maps/search/?api1&queryMidnight%20Tokyo%20Club%20Bali&query_place_idChIJq7YkE9tH0i0RE444cnX1_3A,True,False,False,False,1,Sedang,1,1,4,3
Sakura pub,4.8,234.0,"Parkir, Jl. Pantai Batu Bolong",Denpasar,,+62 813-3721-5880,https://www.google.com/maps/search/?api1&querySakura%20pub&query_place_idChIJ5cVKewNH0i0RWz3W9UN6Z2I,False,False,False,False,0,Rendah,0,1,2,5
The Iron Fairies Bali,4.8,4107.0,Jl. Petitenget No.19x,Badung Regency,https://www.theironfairies.co.id/,+62 899-9999-123,https://www.google.com/maps/search/?api1&queryThe%20Iron%20Fairies%20Bali&query_place_idChIJQ5l7Df1H0i0RdiEgN090Cuw,True,True,True,False,3,Sangat tinggi,1,1,0,1
Blue Sapphire Club & Bar,3.8,18.0,"The Stones Entertainment Center, Jl. Pantai Kuta",Badung Regency,,+62 361 766100,https://www.google.com/maps/search/?api1&queryBlue%20Sapphire%20Club%20%26%20Bar&query_place_idChIJ5ZILrsFG0i0RqYuf-7IxaXg,False,False,True,False,1,Sedang,0,1,2,5
Komplek Gunung Lawu,3.8,101.0,Jl. Teges Nunggal No.15,Badung Regency,,,https://www.google.com/maps/search/?api1&queryKomplek%20Gunung%20Lawu&query_place_idChIJozLmT2pD0i0R_enQEO7gg6A,False,False,False,False,0,Rendah,0,0,1,7
Atlas Super Club,4.7,2636.0,Jl. Pantai Berawa No.88,Badung Regency,https://atlasbeachfest.com/super-club,+62 361 3007222,https://www.google.com/maps/search/?api1&queryAtlas%20Super%20Club&query_place_idChIJNYE3V1VH0i0RH5XbZz848tM,True,True,True,True,4,Sangat tinggi,1,1,0,1
Avera,4.7,544.0,"Averabali, Jl. Raya Legian No.88",Badung Regency,https://www.instagram.com/averabali/,+62 852-8007-3545,https://www.google.com/maps/search/?api1&queryAvera&query_place_idChIJjawVQaxH0i0RIPOcem8Mask,True,True,True,False,3,Sangat tinggi,1,1,0,1
Black Betty Late Night Bar,4.7,37.0,"Second Floor, Above Tusk, Jl. Pantai Bingin No.1",Badung Regency,https://www.blackbettybali.com/,+62 822-3463-2042,https://www.google.com/maps/search/?api1&queryBlack%20Betty%20Late%20Night%20Bar&query_place_idChIJzyjAtRtF0i0ReHAGB11Kuqg,True,True,True,False,3,Sangat tinggi,1,1,0,1
Boogie Nights Bali,4.7,3.0,Jl. Canggu Padang Linjong,Badung Regency,http://boogienightsbali.com/,,https://www.google.com/maps/search/?api1&queryBoogie%20Nights%20Bali&query_place_idChIJWRcg3bg50i0RzFHR-VuNUxg,False,False,False,False,0,Rendah,1,0,3,4
Double You Cafe,4.7,9.0,W449+JQ6,Buleleng Regency,,+62 819-9953-8089,https://www.google.com/maps/search/?api1&queryDouble%20You%20Cafe&query_place_idChIJj-ArFr2R0S0RthQmIq618jw,False,False,False,False,0,Rendah,0,1,2,5
Lapangan sembung meranggi,4.7,3.0,"F3PR+W3M, Jl. Raya Denpasar - Gilimanuk",Tabanan Regency,,+62 821-4521-9342,https://www.google.com/maps/search/?api1&queryLapangan%20sembung%20meranggi&query_place_idChIJ7TxZZ_Qx0i0RDGX2Gk3yj9U,False,False,False,False,0,Rendah,0,1,2,5
Miss Fish Bali,4.7,1943.0,Jl. Raya Semat No.4,Badung Regency,https://www.missfishbali.com/,,https://www.google.com/maps/search/?api1&queryMiss%20Fish%20Bali&query_place_idChIJYcKvqiJH0i0RtzWDiRmCnI0,True,True,False,False,2,Tinggi,1,0,3,4
PENIDA COLADA Beachfront Restaurant and Bar,4.7,6096.0,"8GF6+PQ8, Jl. Ped-Buyuk",Klungkung Regency,https://penidacolada.com/?utm_sourcegoogle-my-business&utm_mediumorganic,+62 813-3627-603,https://www.google.com/maps/search/?api1&queryPENIDA%20COLADA%20Beachfront%20Restaurant%20and%20Bar&query_place_idChIJNz-efFFy0i0RlOhVXzPzyCg,True,False,True,False,2,Tinggi,1,1,4,3
ShiShi Nightclub & Izakaya Lounge,4.7,9774.0,Jl. Petitenget No.208X,Badung Regency,http://www.shishibali.com/,+62 819-1888-8059,https://www.google.com/maps/search/?api1&queryShiShi%20Nightclub%20%26%20Izakaya%20Lounge&query_place_idChIJpaq6LTxH0i0R-sLTkZu2JjY,True,True,False,False,2,Tinggi,1,1,4,3
Terminus,4.7,42.0,"Jl. Raya Kerobokan.88, Jl. Raya Kerobokan No.88",Badung Regency,https://instagram.com/terminusbali,+62 887-0304-8797,https://www.google.com/maps/search/?api1&queryTerminus&query_place_idChIJ00g0JBBH0i0Ruuk3w9XC7ek,True,False,False,False,1,Sedang,1,1,4,3
Theatre Bar Bali,4.7,93.0,Jl. Pantai Batu Bolong No.11,Badung Regency,https://www.instagram.com/theatrebarbali?igsheW90bWdoc3RrcDN1,+62 821-4539-0632,https://www.google.com/maps/search/?api1&queryTheatre%20Bar%20Bali&query_place_idChIJoxu1iFI50i0RhrPIxZToeEw,True,False,False,False,1,Sedang,1,1,4,3
White Rock Beach Club,4.7,4265.0,"Pantai Melasti, Uluwatu Jl. Melasti",Badung Regency,https://whiterockbali.com/,+62 812-3000-3001,https://www.google.com/maps/search/?api1&queryWhite%20Rock%20Beach%20Club&query_place_idChIJMxWmdJZb0i0REiKS_shPKRo,True,False,False,False,1,Sedang,1,1,4,3
Les Toilettes by K club,3.7,61.0,85H7+F2V,Badung Regency,https://www.kclubgroup.com/les-toilettes?utm_sourcegoogle&utm_mediumorganic&utm_campaigngoogle_business_les_toilettes&utm_contentmaps_listing,+62 812-2787-4120,https://www.google.com/maps/search/?api1&queryLes%20Toilettes%20by%20K%20club&query_place_idChIJ_W7zCwBH0i0RA03Rh9DSbuU,True,False,True,False,2,Tinggi,1,1,4,3
WALLS | Dance Club,3.7,71.0,Jl. Canggu Padang Linjong,Badung Regency,http://wallsspace.com/,,https://www.google.com/maps/search/?api1&queryWALLS%20%7C%20Dance%20Club&query_place_idChIJCe_4Nbo50i0RUqIldNOsjmI,True,False,False,False,1,Sedang,1,0,3,4
Bali Club Jimbaran,4.6,22.0,"55W5+8VP, Uluwatu St No.19",Badung Regency,http://www.baliclubjimbaran.net/,+62 823-3920-7814,https://www.google.com/maps/search/?api1&queryBali%20Club%20Jimbaran&query_place_idChIJeQyrOJFF0i0RQhdhMu9XOV4,True,False,False,False,1,Sedang,1,1,4,3
Bukit Alang Alang Batugede,4.6,8.0,GFQV+H56,Karangasem Regency,,+62 812-4657-8290,https://www.google.com/maps/search/?api1&queryBukit%20Alang%20Alang%20Batugede&query_place_idChIJeWdhvhkF0i0RtPPQx3kWkuQ,False,False,True,False,1,Sedang,0,1,2,5
Eva jnani’s,4.6,5.0,Jl. Sekar Tunjung XVIII No.100,Denpasar City,,,https://www.google.com/maps/search/?api1&queryEva%20jnani%E2%80%99s&query_place_idChIJA83G-Hk_0i0RycdE6G56ejA,False,False,False,False,0,Rendah,0,0,1,7
Frankensteins Laboratory,4.6,1749.0,Jl. Camplung Tanduk No.6,Badung Regency,https://www.frankensteins-laboratory.com/,+62 361 731622,https://www.google.com/maps/search/?api1&queryFrankensteins%20Laboratory&query_place_idChIJ_X3osSFH0i0RVScLWpAzVU8,True,True,True,True,4,Sangat tinggi,1,1,0,1
SandatBali Cafe,4.6,5.0,867R+F84,Denpasar City,,+62 812-2807-0808,https://www.google.com/maps/search/?api1&querySandatBali%20Cafe&query_place_idChIJQwvKCfdB0i0Ru_sRvXmOKhw,True,False,False,False,1,Sedang,0,1,2,5
The Mesa Bali,4.6,1575.0,Jl. Pantai Berawa,Badung Regency,https://www.themesabali.com/?utm_sourcegmb&utm_mediumorganic&utm_campaigngmb,+62 812-3738-8745,https://www.google.com/maps/search/?api1&queryThe%20Mesa%20Bali&query_place_idChIJO4hKUvo50i0RKK7PMOs6qoQ,True,True,True,True,4,Sangat tinggi,1,1,0,1
Black Sugar Bali,4.5,43.0,Jl. Pantai Berawa No.48,Badung Regency,http://www.instagram.com/blacksugarbali,+62 877-2667-4002,https://www.google.com/maps/search/?api1&queryBlack%20Sugar%20Bali&query_place_idChIJvaeCcu1H0i0RBOZp5lytZaE,False,False,True,False,1,Sedang,1,1,4,3
Boshe VVIP Club,4.5,2736.0,Jl. Bypass Ngurah Rai No.89,Badung Regency,,+62 361 754461,https://www.google.com/maps/search/?api1&queryBoshe%20VVIP%20Club&query_place_idChIJ3d3CfrJG0i0R-1z3OGJlWY8,True,False,True,False,2,Tinggi,0,1,5,2
Homies Agus Ary,4.5,2.0,"G5FF+VX4, Jl. Kekeran Manikgunung",Tabanan Regency,,+62 822-4725-7257,https://www.google.com/maps/search/?api1&queryHomies%20Agus%20Ary&query_place_idChIJi4mprVEl0i0R9bV74gImVEM,True,True,False,False,2,Tinggi,0,1,5,2
Klymax Discotheque,4.5,185.0,"Desa Potato Head Bali, Jl. Petitenget No.51B",Badung Regency,https://klymax.co/?utm_sourcegoogle&utm_mediumgmb&utm_campaignklymax&utm_termnight-club&utm_contentlanding-page,+62 361 6207979,https://www.google.com/maps/search/?api1&queryKlymax%20Discotheque&query_place_idChIJFX753VRH0i0R46FEjYlV4SU,True,False,True,False,2,Tinggi,1,1,4,3
LXXY Bali,4.5,1865.0,Jln Legian No.71,Badung Regency,,+62 813-1003-0066,https://www.google.com/maps/search/?api1&queryLXXY%20Bali&query_place_idChIJuT1uL7pG0i0RoOHkiamquik,True,True,False,False,2,Tinggi,0,1,5,2
Puri Gede Lendris Kaung Bali,4.5,2.0,"HG2F+H6G, Jl. Telaga",Karangasem Regency,,,https://www.google.com/maps/search/?api1&queryPuri%20Gede%20Lendris%20Kaung%20Bali&query_place_idChIJXb5ho58F0i0RDehUVfLheTk,False,False,False,False,0,Rendah,0,0,1,7
The Stage,4.5,158.0,Jl. Kayu Aya No.7,Badung Regency,https://www.thestage.net/,+62 811-3831-4177,https://www.google.com/maps/search/?api1&queryThe%20Stage&query_place_idChIJvXx0LA5H0i0ReP66NVaZQgc,True,False,False,False,1,Sedang,1,1,4,3
Vault Nightclub Bali,4.5,2000.0,Jl. Pantai Berawa No.99,Badung Regency,https://www.vault-bali.com/,,https://www.google.com/maps/search/?api1&queryVault%20Nightclub%20Bali&query_place_idChIJYWZP2EFH0i0RrP3VLGk11MY,True,False,False,True,2,Tinggi,1,0,3,4
Averabali Nightclub,4.4,48.0,Jln Legian No.88,Badung Regency,https://www.instagram.com/averaclubbali/,+62 878-6017-6988,https://www.google.com/maps/search/?api1&queryAverabali%20Nightclub&query_place_idChIJd4xfE8JH0i0RhrZeCwTlzQ8,True,True,True,False,3,Sangat tinggi,1,1,0,1
Behind The Green Door,4.4,349.0,Jl. Subak Sari No.90a Level 2,Badung Regency,https://kilo-collective.com/our-venue/behind-the-green-door/,+62 823-4005-9928,https://www.google.com/maps/search/?api1&queryBehind%20The%20Green%20Door&query_place_idChIJiZZgvstH0i0Rhg-mdkz72Y4,True,True,False,False,2,Tinggi,1,1,4,3
Brother Club Bali,4.4,278.0,"Jln Legian No.36, Kuta, Bali, 80361",Badung Regency,,081252638399,https://maps.app.goo.gl/t3AyegkvwgfQP7JMA,True,True,True,True,4,Sangat tinggi,0,1,5,2
Dur Ã Cuire,4.4,14.0,Jl. Petitenget No.7A,Badung Regency,,+62 821-9495-4088,https://www.google.com/maps/search/?api1&queryDur%20%C3%83%20Cuire&query_place_idChIJq4qHgpZH0i0RFGd9MeO2zzA,False,False,False,False,0,Rendah,0,1,2,5
HW Livehouse Bali,4.4,87.0,"Jl. Patih Jelantik, Komp. Istana Kuta Galeria",Badung Regency,,+62 811-1624-898,https://www.google.com/maps/search/?api1&queryHW%20Livehouse%20Bali&query_place_idChIJ78ZUahlH0i0RxPj1J5fvJNg,True,True,False,True,3,Sangat tinggi,0,1,5,2
La Favela,4.4,20834.0,Jl. Laksamana Basangkasa No.177X,Badung Regency,https://lafavelabali.com/,+62 818-0210-0010,https://www.google.com/maps/search/?api1&queryLa%20Favela&query_place_idChIJy7e5hxdH0i0RjAOjvEGFCTI,True,True,True,False,3,Sangat tinggi,1,1,0,1
No Más,4.4,1189.0,Jl. Monkey Forest,Gianyar Regency,http://www.nomasubud.com/,+62 361 9080800,https://www.google.com/maps/search/?api1&queryNo%20M%C3%A1s&query_place_idChIJ-xguMW090i0R-c6_yAg03Y8,True,False,False,False,1,Sedang,1,1,4,3
Old Man's,4.4,6318.0,"old man's, Jl. Pantai Batu Bolong No.117X",Badung Regency,https://oldmans.net/,+62 361 8469158,https://www.google.com/maps/search/?api1&queryOld%20Man's&query_place_idChIJ21XBrn040i0Rjf7GPV4so38,True,False,False,False,1,Sedang,1,1,4,3
Tiger Residence,4.4,5.0,"9564+JJH, Gg. Pd. Asri",Badung Regency,,+62 878-0067-3009,https://www.google.com/maps/search/?api1&queryTiger%20Residence&query_place_idChIJe2c50pM40i0R1mPt-ub6gWM,False,False,False,False,0,Rendah,0,1,2,5
Tyaris Net,3.4,10.0,"V4JH+795, Jl. Raya Penarukan",Buleleng Regency,,+62 859-3526-2646,https://www.google.com/maps/search/?api1&queryTyaris%20Net&query_place_idChIJqxdwnu-Q0S0RjngwNBykPq8,False,False,False,False,0,Rendah,0,1,2,5
MABES JMA,4.3,4.0,HG2F+42M,Karangasem Regency,,,https://www.google.com/maps/search/?api1&queryMABES%20JMA&query_place_idChIJ74N6S54F0i0RSuqu_UmYHic,False,False,False,False,0,Rendah,0,0,1,7
TOP NiNe cafe,4.3,18.0,Jl. Danau Tempe No.12,Denpasar City,,+62 821-4422-2222,https://www.google.com/maps/search/?api1&queryTOP%20NiNe%20cafe&query_place_idChIJDbCgLztB0i0RVVNus4Fvrus,False,False,False,False,0,Rendah,0,1,2,5
TRIPLE K,4.3,12.0,Jl. Tanah Putih No.100,Badung Regency,,,https://www.google.com/maps/search/?api1&queryTRIPLE%20K&query_place_idChIJ_1lj2kk_0i0R8TyBPUrc8dg,False,False,False,False,0,Rendah,0,0,1,7
WAROENG SUKA SUKA,4.3,12.0,V4VC+485,Buleleng Regency,,+62 877-6007-3299,https://www.google.com/maps/search/?api1&queryWAROENG%20SUKA%20SUKA&query_place_idChIJ4csQK6KR0S0RoyeKeHI9Lks,False,False,False,False,0,Rendah,0,1,2,5
Warung Kizi - Kizi,4.3,16.0,"J49F+929, Jalan",Tabanan Regency,,,https://www.google.com/maps/search/?api1&queryWarung%20Kizi%20-%20Kizi&query_place_idChIJM4NfmLsn0i0RjkZ_VFAczSg,False,False,False,False,0,Rendah,0,0,1,7
Baba Yaga’s resting grounds,4.2,6.0,"Q46Q+6XH Camping Ground, Taman Wisata Gangga Buyan Jl. Wisata Alam Danau Buyan",Buleleng Regency,,,https://www.google.com/maps/search/?api1&queryBaba%20Yaga%E2%80%99s%20resting%20grounds&query_place_idChIJFaqVdQCP0S0RyU-mZkh36ag,False,False,False,False,0,Rendah,0,0,1,7
Bali Ngobog Activity,4.2,5.0,"PJ65+QRP, Jalan",Jembrana Regency,,+62 857-9269-2178,https://www.google.com/maps/search/?api1&queryBali%20Ngobog%20Activity&query_place_idChIJcQg56FJh0S0RKPicwbcwxvk,False,False,False,False,0,Rendah,0,1,2,5
"CP Lounge Ubud - Bar, Restaurant & Club",4.2,2817.0,Jl. Monkey Forest No.15,Gianyar Regency,http://cp-lounge.com/,+62 878-6094-1556,https://www.google.com/maps/search/?api1&queryCP%20Lounge%20Ubud%20-%20Bar%2C%20Restaurant%20%26%20Club&query_place_idChIJw0tdoGw90i0RlBnfv7y6mLU,True,False,False,False,1,Sedang,1,1,4,3
Mirror - Nightclub Bali,4.2,1032.0,Jl. Petitenget Seminyak No.106,Badung Regency,https://allin.co.id/mirrorbali/,+62 811-9053-010,https://www.google.com/maps/search/?api1&queryMirror%20-%20Nightclub%20Bali&query_place_idChIJ6Vp9_BJH0i0RmoQ5Y8u9XvM,True,True,False,False,2,Tinggi,1,1,4,3
NEW STAR CLUB BALI,4.2,775.0,Jl. Gn. Soputan No.16B,Denpasar City,,,https://www.google.com/maps/search/?api1&queryNEW%20STAR%20CLUB%20BALI&query_place_idChIJMdm2ZitH0i0RcL9HkSoVZVw,True,False,False,False,1,Sedang,0,0,6,6
Shooters,4.2,18.0,Jln Legian No.101,Badung Regency,,,https://www.google.com/maps/search/?api1&queryShooters&query_place_idChIJNVCQX8NG0i0RdP8SBlas9Ik,True,False,False,False,1,Sedang,0,0,6,6
Sky Garden Bali,4.2,4163.0,Jln Legian No.60,Badung Regency,https://baliskygarden.com/,+62 811-3810-9081,https://www.google.com/maps/search/?api1&querySky%20Garden%20Bali&query_place_idChIJ1ZUrmrlG0i0RRSm24HNagqU,True,False,False,False,1,Sedang,1,1,4,3
PHOENIX KTV&CLUB,4.1,139.0,"Jl. Patih Jelantik, Komp. Istana Kuta Galeria",Badung Regency,,,https://www.google.com/maps/search/?api1&queryPHOENIX%20KTV%26CLUB&query_place_idChIJ_78W09RH0i0RRr2mwZMXb6o,True,False,False,False,1,Sedang,0,0,6,6
Savaya Bali,4.1,5499.0,Jl. Belimbing Sari,Badung Regency,http://savaya.com/,+62 811-3099-0900,https://www.google.com/maps/search/?api1&querySavaya%20Bali&query_place_idChIJrV__rE5b0i0RXnKoLXZQDEk,True,True,True,True,4,Sangat tinggi,1,1,0,1
THE WOLF BALI,4.1,76.0,Jln Legian No.177,Badung Regency,,+62 895-3411-11111,https://www.google.com/maps/search/?api1&queryTHE%20WOLF%20BALI&query_place_idChIJ-9nAk7VH0i0RwqHNMYwTKgc,True,False,False,False,1,Sedang,0,1,2,5
ZJ's Bar & Lounge,4.1,90.0,"Mulia Resort, Kawasan Sawangan, Jl. Raya Nusa Dua Selatan Jl. Nusa Dua",Badung Regency,https://muliadining.com/bali/zjsbar,+62 361 3017777,https://www.google.com/maps/search/?api1&queryZJ's%20Bar%20%26%20Lounge&query_place_idChIJ_f6yxs1c0i0RQ0VFtlEc2lI,True,False,True,False,2,Tinggi,1,1,4,3
Heights Rooftop Legian,4.9,832.0,Jln Legian No.91,Badung Regency,http://akmanilegian.com/,62 895-3530-09191,https://www.google.com/maps/search/?api=1&query=Heights%20Rooftop%20Legian&query_place_id=ChIJc9OwrJBH0i0R5V1WzV3Fp8o,False,False,False,False,0,Rendah,1,1,4,3
Agus Clubbing,5.0,1.0,RR4P+5M9,Buleleng Regency,,+62 852-3899-4855,https://www.google.com/maps/search/?api1&queryAgus%20Clubbing&query_place_idChIJE9DmQI550S0RHlaxX5CBG8A,False,False,False,False,0,Rendah,0,1,2,5
angkringan cpls,5.0,1.0,"H839+GM6, banjar",Gianyar Regency,,+62 857-9226-7925,https://www.google.com/maps/search/?api1&queryangkringan%20cpls&query_place_idChIJV7iXTmEZ0i0R1hHLnQ45bQM,False,False,False,False,0,Rendah,0,1,2,5
ARAKK QUEEN JAYAGIRI,5.0,9.0,Jl. Jayagiri XXI Gg. C No.4,Denpasar City,,+62 821-4404-0811,https://www.google.com/maps/search/?api1&queryARAKK%20QUEEN%20JAYAGIRI&query_place_idChIJNY8b0J5B0i0Rek_o7CkuHjk,True,False,False,False,1,Sedang,0,1,2,5
Archtrend Design no night club,5.0,1.0,8549+CGX,Badung Regency,,,https://www.google.com/maps/search/?api1&queryArchtrend%20Design%20no%20night%20club&query_place_idChIJwWIufd9G0i0RwK4tXIDTHOg,False,False,False,False,0,Rendah,0,0,1,7
Bagus shisha ( eltoro ubud),5.0,3.0,"F7Q5+G82, Jl. Bisma",Gianyar Regency,,,https://www.google.com/maps/search/?api1&queryBagus%20shisha%20(%20eltoro%20ubud)&query_place_idChIJCQKUVQA90i0RlR9XOTqAq6Y,False,False,False,False,0,Rendah,0,0,1,7
BALA DEWA MARKAS,5.0,6.0,Unnamed Road,Bangli Regency,,,https://www.google.com/maps/search/?api1&queryBALA%20DEWA%20MARKAS&query_place_idChIJ1e6R9TEZ0i0RCZ2jobTj5yM,False,False,False,False,0,Rendah,0,0,1,7
BALI PROJECK,5.0,1.0,Gg. Muhajirin III No.3,Denpasar City,,,https://www.google.com/maps/search/?api1&queryBALI%20PROJECK&query_place_idChIJVzd5TClB0i0RQ8Ts9bQCE1c,False,False,False,False,0,Rendah,0,0,1,7
Basecamp Tuaji barat,5.0,1.0,Gg. Batu Beji 1 No.168,Gianyar Regency,,,https://www.google.com/maps/search/?api1&queryBasecamp%20Tuaji%20barat&query_place_idChIJN-iRnwc_0i0RMLxOm2vSdKo,False,False,False,False,0,Rendah,0,0,1,7
BONA BERGETAR,5.0,1.0,"PX7G+4JC, Gg. Bona",Buleleng Regency,,,https://www.google.com/maps/search/?api1&queryBONA%20BERGETAR&query_place_idChIJXe8w2duB0S0R2TW7V44hV5E,False,False,False,False,0,Rendah,0,0,1,7
Bone,5.0,3.0,C8R8+5G5,Gianyar Regency,,,https://www.google.com/maps/search/?api1&queryBone&query_place_idChIJsy-yu-MX0i0RvMAo-6dKBHU,False,False,False,False,0,Rendah,0,0,1,7
Brandys,5.0,2.0,Jln Legian,Badung Regency,,+62 361 755423,https://www.google.com/maps/search/?api1&queryBrandys&query_place_idChIJFzrKm7lG0i0RZkyqU8yJb2E,False,False,False,False,0,Rendah,0,1,2,5
Buahan Billiar Center,5.0,1.0,"G532+659, Jl. Taman Sari",Tabanan Regency,,,https://www.google.com/maps/search/?api1&queryBuahan%20Billiar%20Center&query_place_idChIJL-ybzC070i0R_igRfQERL9U,False,False,False,False,0,Rendah,0,0,1,7
CAFE KARAOKE CLUB NIGHT,5.0,2.0,95F8+3GV,Badung Regency,,,https://www.google.com/maps/search/?api1&queryCAFE%20KARAOKE%20CLUB%20NIGHT&query_place_idChIJ9cJGSAA50i0RoIPQn3-rTME,False,False,False,False,0,Rendah,0,0,1,7
Casa Rezeki,5.0,2.0,84QV+6C5,Badung Regency,,,https://www.google.com/maps/search/?api1&queryCasa%20Rezeki&query_place_idChIJHT7EmqBH0i0R97H7JJrcw7I,False,False,False,False,0,Rendah,0,0,1,7
City of rockers,5.0,1.0,"No, Jl. Pulau Moyo No.100E",Denpasar City,,,https://www.google.com/maps/search/?api1&queryCity%20of%20rockers&query_place_idChIJw30O8ddB0i0RtnCtAgTi36o,False,False,False,False,0,Rendah,0,0,1,7
Club Tersayang,5.0,1.0,964R+J9W,Denpasar City,,,https://www.google.com/maps/search/?api1&queryClub%20Tersayang&query_place_idChIJK5r1XoE_0i0RbbM9kwhF1VY,False,False,False,False,0,Rendah,0,0,1,7
Club Yuga Dwika,5.0,1.0,,Gianyar Regency,,,https://www.google.com/maps/search/?api1&queryClub%20Yuga%20Dwika&query_place_idChIJNVFWUCQ90i0ReMVw3Ir05fY,True,False,False,False,1,Sedang,0,0,6,6
Damar Bali Wineindo,5.0,1.0,"JL. Bisma Utara, No.75x, Br Tegal, Buleleng",Badung Regency,,+62 813-5351-6157,https://www.google.com/maps/search/?api1&queryDamar%20Bali%20Wineindo&query_place_idChIJMc4GEtxG0i0Ru7LiXDIjvpU,False,False,False,False,0,Rendah,0,1,2,5
Dania Garden Villa,5.0,1.0,GHQJ+5J2,Karangasem Regency,,,https://www.google.com/maps/search/?api1&queryDania%20Garden%20Villa&query_place_idChIJyeGQaR0G0i0RwO5jCxn6LRs,False,False,False,False,0,Rendah,0,0,1,7
Debudi house,5.0,1.0,JHVG+9PJ,Karangasem Regency,,,https://www.google.com/maps/search/?api1&queryDebudi%20house&query_place_idChIJEbCWYwAB0i0Rsn9OQbDor_c,False,False,False,False,0,Rendah,0,0,1,7
DEWASURGA,5.0,4.0,Jln Legian No.74,bali,https://rebrand.ly/dewa-surga,+62 822-1096-4164,https://www.google.com/maps/search/?api1&queryDEWASURGA&query_place_idChIJa7w2M09H0i0RqGSXKTV3qG0,False,False,False,False,0,Rendah,1,1,4,3
DOUBLE K,5.0,2.0,Jalan baypass Jl. Prof. Dr. Ida Bagus Mantra,Gianyar Regency,,+62 838-4012-7880,https://www.google.com/maps/search/?api1&queryDOUBLE%20K&query_place_idChIJ124gu8AV0i0RnHiQTKxT0Es,False,False,False,False,0,Rendah,0,1,2,5
"Double Seven Bar, Musik & Karaoke",5.0,2.0,"Jalan Baypass, Jl. Prof. Dr. Ida Bagus Mantra",Gianyar Regency,,+62 831-1937-6787,https://www.google.com/maps/search/?api1&queryDouble%20Seven%20Bar%2C%20Musik%20%26%20Karaoke&query_place_idChIJceqI5vIV0i0RJfWA4mvGY18,False,False,False,False,0,Rendah,0,1,2,5
Fery s home,5.0,1.0,GHCH+F8,Karangasem Regency,,,https://www.google.com/maps/search/?api1&queryFery%20s%20home&query_place_idChIJZ4HfQgAJ0i0RsN9S9DW7Ot4,False,False,False,False,0,Rendah,0,0,1,7
FREMEND ANTAP,5.0,1.0,"JMP9+2CJ, Jl. Gn. Sekar",Jembrana Regency,,,https://www.google.com/maps/search/?api1&queryFREMEND%20ANTAP&query_place_idChIJZeb1M6jZ0y0R19m1zP9i3HE,True,False,False,False,1,Sedang,0,0,6,6
Goa Nightclub,5.0,15.0,Jl. Padang Lingjong,Badung Regency,http://www.boyanagroup.com/goa,+62 853-3761-1722,https://www.google.com/maps/search/?api1&queryGoa%20Nightclub&query_place_idChIJByMR3SA50i0Rc9UaETAzmRg,True,False,False,False,1,Sedang,1,1,4,3
Gumbleng water green,5.0,2.0,7G39+9C9 Nusa penida,Klungkung Regency,,,https://www.google.com/maps/search/?api1&queryGumbleng%20water%20green&query_place_idChIJh3rn5QFx0i0RCG0weA0DzeE,False,False,False,False,0,Rendah,0,0,1,7
GustuPranatta,5.0,3.0,MMJ8+96J,Jembrana Regency,,+62 831-1610-1888,https://www.google.com/maps/search/?api1&queryGustuPranatta&query_place_idChIJxfRoF6pj0S0RCUoeolnCcQ4,False,False,False,False,0,Rendah,0,1,2,5
Happy Rose,5.0,2.0,7HJ3+V7,Klungkung Regency,,,https://www.google.com/maps/search/?api1&queryHappy%20Rose&query_place_idChIJvRmhIQBx0i0R9Qz_XNjWJ6I,False,False,False,False,0,Rendah,0,0,1,7
JRT,5.0,2.0,Jl. Pelita No.12,Badung Regency,,,https://www.google.com/maps/search/?api1&queryJRT&query_place_idChIJgR5zwJ5F0i0RtDTfRO0mVmc,False,False,False,False,0,Rendah,0,0,1,7
KAWASAN UNDIZ,5.0,3.0,Jl. Karang Tenget No.1 B,Badung Regency,,,https://www.google.com/maps/search/?api1&queryKAWASAN%20UNDIZ&query_place_idChIJPyYNSwBF0i0Rf7UY_dY2Kfg,False,False,False,False,0,Rendah,0,0,1,7
Kedai madu,5.0,1.0,"JJM7+88M, Jl. Danau Tamblingan",Jembrana Regency,,+62 819-5317-3627,https://www.google.com/maps/search/?api1&queryKedai%20madu&query_place_idChIJ9Wt5NABh0S0RssYmliv8xIw,False,False,False,False,0,Rendah,0,1,2,5
KING POSEIDON,5.0,2.0,"94RV+4CM, Jl. Taman Sri Wedari",Tabanan Regency,,+62 815-4732-9369,https://www.google.com/maps/search/?api1&queryKING%20POSEIDON&query_place_idChIJW9D8esA50i0RI-bqGa3-29o,False,False,False,False,0,Rendah,0,1,2,5
KOPDAR HMPC (HONDA MEGAPRO CLUB) BALI,5.0,2.0,Jl. Teuku Umar No.88L,Denpasar City,,+62 853-3347-5656,https://www.google.com/maps/search/?api1&queryKOPDAR%20HMPC%20(HONDA%20MEGAPRO%20CLUB)%20BALI&query_place_idChIJ05BLyTxB0i0RyffkDbI_8TY,True,True,False,False,2,Tinggi,0,1,5,2
Lapangan Bola Volly Putra Pasekan,5.0,3.0,C5R3+X2M,Tabanan Regency,,,https://www.google.com/maps/search/?api1&queryLapangan%20Bola%20Volly%20Putra%20Pasekan&query_place_idChIJ1YQvu8g70i0RFekVY8xp0vc,False,False,False,False,0,Rendah,0,0,1,7
lele pak bayu,5.0,4.0,G24G+P67,Tabanan Regency,,,https://www.google.com/maps/search/?api1&querylele%20pak%20bayu&query_place_idChIJ57fIoogv0i0RKM5Dw1kO_vM,False,False,False,False,0,Rendah,0,0,1,7
Lesehan Fantasi,5.0,1.0,Blk. N-O Jl. Raya Uluwatu No.33,Badung Regency,,+62 811-385-545,https://www.google.com/maps/search/?api1&queryLesehan%20Fantasi&query_place_idChIJNbcuFGJE0i0RhSi4SjkIPwY,False,False,False,False,0,Rendah,0,1,2,5
Maklor masndut,5.0,2.0,Jl. Gunung Batukaru No.10,Kabupaten Klungkung,,,https://www.google.com/maps/search/?api1&queryMaklor%20masndut&query_place_idChIJ01l6w69B0i0R-6RE1KkPFTg,False,False,False,False,0,Rendah,0,0,1,7
Mang reta house,5.0,1.0,PH83+4Q,Karangasem Regency,,,https://www.google.com/maps/search/?api1&queryMang%20reta%20house&query_place_idChIJvdq9ewD50S0RlOey2PC3iro,False,False,False,False,0,Rendah,0,0,1,7
Mario hatta,5.0,3.0,MFX5+HJ,Karangasem Regency,,+62 857-9239-7037,https://www.google.com/maps/search/?api1&queryMario%20hatta&query_place_idChIJY1eXKyX30S0RID12VwyZhsw,False,False,False,False,0,Rendah,0,1,2,5
markas BJS,5.0,9.0,"8FFV+HGC, Jl. Pendidikan",Klungkung Regency,,,https://www.google.com/maps/search/?api1&querymarkas%20BJS&query_place_idChIJVWAiaB9z0i0R3dG--38JAwM,False,False,False,False,0,Rendah,0,0,1,7
Markas keluarga Ik Bali,5.0,7.0,"Banjar, Kenderan",Gianyar Regency,,+62 819-4785-6767,https://www.google.com/maps/search/?api1&queryMarkas%20keluarga%20Ik%20Bali&query_place_idChIJYxaNOZwZ0i0R7PNxfNC_Gfg,False,False,False,False,0,Rendah,0,1,2,5
Model HQ,5.0,3.0,P349+VHW,Buleleng Regency,,,https://www.google.com/maps/search/?api1&queryModel%20HQ&query_place_idChIJVXusnqaH0S0RDXB2_jg8XbY,False,False,False,False,0,Rendah,0,0,1,7
Munduk kuale dauh pangkung Taman -tanda,5.0,1.0,"P53C+75R, Unnamed Road",Tabanan Regency,,,https://www.google.com/maps/search/?api1&queryMunduk%20kuale%20dauh%20pangkung%20Taman%20-tanda&query_place_idChIJi848AVOJ0S0RjkmVz4dcphg,False,False,False,False,0,Rendah,0,0,1,7
N8ght club,5.0,1.0,"F7P6+95X, Jl. Monkey Forest",Gianyar Regency,,,https://www.google.com/maps/search/?api1&queryN8ght%20club&query_place_idChIJX4PAUgA90i0RrOV0TtwikA4,False,False,False,False,0,Rendah,0,0,1,7
Northcastle Families Hood,5.0,2.0,H8Q7+9HH,Gianyar Regency,,,https://www.google.com/maps/search/?api1&queryNorthcastle%20Families%20Hood&query_place_idChIJAc0M1m8Z0i0RTwOKHYqicFQ,False,False,False,False,0,Rendah,0,0,1,7
Nyawa Sibetan,5.0,1.0,HG3J+8CP,Karangasem Regency,,,https://www.google.com/maps/search/?api1&queryNyawa%20Sibetan&query_place_idChIJe0_KdJgF0i0R9vvxpJHsyRQ,False,False,False,False,0,Rendah,0,0,1,7
Nyong house,5.0,5.0,QCJW+22,Karangasem Regency,,,https://www.google.com/maps/search/?api1&queryNyong%20house&query_place_idChIJr_v39r7x0S0Rqv2i4Sq-Ms0,False,False,False,False,0,Rendah,0,0,1,7
Otel palguna,5.0,3.0,Jl. Drupadi No.90,Gianyar Regency,,,https://www.google.com/maps/search/?api1&queryOtel%20palguna&query_place_idChIJF5XuLGUX0i0RQuaKFqO2d0M,False,False,False,False,0,Rendah,0,0,1,7
Partai Keadilan Sejahtera,5.0,2.0,Jl. Tukad Pakerisan No.72D,Denpasar City,http://pks.id/,+62 361 256930,https://www.google.com/maps/search/?api1&queryPartai%20Keadilan%20Sejahtera&query_place_idChIJhVftcf1A0i0RmdvnUk5g5Lw,True,False,False,False,1,Sedang,1,1,4,3
PDS & kolam pancing,5.0,1.0,H48V+7W2,Tabanan Regency,,,https://www.google.com/maps/search/?api1&queryPDS%20%26%20kolam%20pancing&query_place_idChIJlYHNZQAl0i0RDZuBSn2gRGM,False,False,False,False,0,Rendah,0,0,1,7
Pk men,5.0,2.0,Jl. Subur Gg. Mirah Hati No.1,Denpasar City,,,https://www.google.com/maps/search/?api1&queryPk%20men&query_place_idChIJCYAjszJB0i0R2mQXJX0Pd0s,False,False,False,False,0,Rendah,0,0,1,7
Pondok adanda,5.0,15.0,"P879+QW4, Jl. Raya Kintamani",Bangli Regency,,,https://www.google.com/maps/search/?api1&queryPondok%20adanda&query_place_idChIJyc9iTjj10S0RyDmIh8u3yHI,False,False,False,False,0,Rendah,0,0,1,7
PONDOK JAKADANIL,5.0,1.0,Jl. Jepun No.25,Badung Regency,,+62 815-4728-6132,https://www.google.com/maps/search/?api1&queryPONDOK%20JAKADANIL&query_place_idChIJO4FGV0oj0i0RiuZYUYYzUgM,False,False,False,False,0,Rendah,0,1,2,5
Pondok Jepun Wangi,5.0,1.0,"MGPX+F9W, Unnamed Road",Jembrana Regency,,,https://www.google.com/maps/search/?api1&queryPondok%20Jepun%20Wangi&query_place_idChIJs9VBqVNh0S0R_kGavQICQuo,False,False,False,False,0,Rendah,0,0,1,7
Pondokan Belalu,5.0,2.0,"P75W+CX6, Jl. Pondokan Belalu",Bangli Regency,,+62 857-3991-7545,https://www.google.com/maps/search/?api1&queryPondokan%20Belalu&query_place_idChIJNaZIyzr10S0R_RSE1MLvNlo,False,False,False,False,0,Rendah,0,1,2,5
POSKO AREK AREK MACRE,5.0,2.0,"JPGV+H54, Jl. Nakula",Jembrana Regency,,,https://www.google.com/maps/search/?api1&queryPOSKO%20AREK%20AREK%20MACRE&query_place_idChIJtSpd4sPX0y0RTDSRHRtajNc,False,False,False,False,0,Rendah,0,0,1,7
Posko pandawa,5.0,2.0,QWMM+44Q,Buleleng Regency,,+62 813-2697-9042,https://www.google.com/maps/search/?api1&queryPosko%20pandawa&query_place_idChIJLXBJWcCD0S0RQdGsfoXhDWA,False,False,False,False,0,Rendah,0,1,2,5
puri cokorde teguhfajar,5.0,1.0,"HG2J+9V3, Baledan St",Karangasem Regency,,+62 812-3835-2183,https://www.google.com/maps/search/?api1&querypuri%20cokorde%20teguhfajar&query_place_idChIJO9H1gpQF0i0R8PzHzy1d0hs,False,False,False,False,0,Rendah,0,1,2,5
Puri Delod Dalem,5.0,1.0,Jl. Yudistira No.63,Jembrana Regency,,,https://www.google.com/maps/search/?api1&queryPuri%20Delod%20Dalem&query_place_idChIJMxHfpHxh0S0RBWxSKYrtaXQ,False,False,False,False,0,Rendah,0,0,1,7
RANGDU ROCK CITY,5.0,1.0,JMPH+4CV,Jembrana Regency,,,https://www.google.com/maps/search/?api1&queryRANGDU%20ROCK%20CITY&query_place_idChIJgbOQ6HLZ0y0RlR72DjiMfoM,False,False,False,False,0,Rendah,0,0,1,7
Rumah mang ata,5.0,1.0,PXFW+642,Buleleng Regency,,+62 838-4515-5152,https://www.google.com/maps/search/?api1&queryRumah%20mang%20ata&query_place_idChIJm4e_oJ-B0S0RMjs6efz6T0k,False,False,False,False,0,Rendah,0,1,2,5
Sanda,5.0,1.0,M2CH+QV3,Tabanan Regency,,,https://www.google.com/maps/search/?api1&querySanda&query_place_idChIJA3by0VCH0S0RZST4gVSdZhM,False,False,False,False,0,Rendah,0,0,1,7
Sari Mai Karaoke,5.0,5.0,JM3H+456,Jembrana Regency,,,https://www.google.com/maps/search/?api1&querySari%20Mai%20Karaoke&query_place_idChIJdRm2XADZ0y0RWpvLNPskHsc,False,False,False,False,0,Rendah,0,0,1,7
Sekretariat YNCI Buleleng Bali Chapter,5.0,2.0,"V3MJ+MW3, Jl. Cempaka",Buleleng Regency,,,https://www.google.com/maps/search/?api1&querySekretariat%20YNCI%20Buleleng%20Bali%20Chapter&query_place_idChIJR8ldoHKa0S0R-DAhtiEP0lU,True,False,False,False,1,Sedang,0,0,6,6
Sidearta club,5.0,2.0,J9QP+W29,Bangli Regency,,,https://www.google.com/maps/search/?api1&querySidearta%20club&query_place_idChIJJamJgfUd0i0Rr2lil3V9R90,False,False,False,False,0,Rendah,0,0,1,7
Studio Krisna,5.0,3.0,HRHF+G4C,Jembrana Regency,,,https://www.google.com/maps/search/?api1&queryStudio%20Krisna&query_place_idChIJhacE8xDU0y0RiWkKWpjcno0,False,False,False,False,0,Rendah,0,0,1,7
Sukayadnya property,5.0,1.0,R2JP+MR2,Buleleng Regency,,+62 812-3825-864,https://www.google.com/maps/search/?api1&querySukayadnya%20property&query_place_idChIJkdkwL6Ob0S0RtOSJtMsXtbQ,False,False,False,False,0,Rendah,0,1,2,5
Tegal Gerudan Farm,5.0,1.0,Jl. Tampaksiring No.16,Gianyar Regency,,+62 813-3956-4503,https://www.google.com/maps/search/?api1&queryTegal%20Gerudan%20Farm&query_place_idChIJf9OqLSQZ0i0RhTZrT26h1es,False,False,False,False,0,Rendah,0,1,2,5
The seven star,5.0,1.0,Jl. Abimanyu No.3,Gianyar Regency,,,https://www.google.com/maps/search/?api1&queryThe%20seven%20star&query_place_idChIJz-SN4nYX0i0RbySJ6NG_9w8,False,False,False,False,0,Rendah,0,0,1,7
TIRAI Lounge,5.0,1.0,Jl. Prof. Moh. Yamin No.99x,Denpasar City,,,https://www.google.com/maps/search/?api1&queryTIRAI%20Lounge&query_place_idChIJC7p56_NB0i0RMadG5PBA6LI,False,False,False,False,0,Rendah,0,0,1,7
TOKO BILLIARD,5.0,3.0,Jl. Gelagah,Tabanan Regency,,,https://www.google.com/maps/search/?api1&queryTOKO%20BILLIARD&query_place_idChIJLxEobOgl0i0RqjBRqmSamJw,False,False,False,False,0,Rendah,0,0,1,7
Vault Nightclub Bali,5.0,1.0,HHWW+6QF,Karangasem Regency,,,https://www.google.com/maps/search/?api1&queryNOP'Y%20GARAGE&query_place_idChIJNZMxXU0H0i0RnAYng3euHGQ,True,False,False,True,2,Tinggi,0,0,6,6
Villa Emre,5.0,1.0,Jl. Dahlia,Badung Regency,,+62 821-4722-8723,https://www.google.com/maps/search/?api1&queryVilla%20Emre&query_place_idChIJ_cCsYW050i0RJ1MeILfOtUA,True,False,False,False,1,Sedang,0,1,2,5
Villa Kumala,5.0,2.0,Jl. Gita Kencana No.11,Badung Regency,,,https://www.google.com/maps/search/?api1&queryVilla%20Kumala&query_place_idChIJs5dCTDlF0i0RE193gK4Mq6k,False,False,False,False,0,Rendah,0,0,1,7
Villa Marmut,5.0,1.0,HRM4+FJP,Jembrana Regency,,,https://www.google.com/maps/search/?api1&queryVilla%20Marmut&query_place_idChIJJVru_qLX0y0Rxn3cBAeLgt0,False,False,False,False,0,Rendah,0,0,1,7
Waroeng T-BAH,5.0,1.0,Jl. Wisnu Marga No.11,Tabanan Regency,,+62 853-3873-7684,https://www.google.com/maps/search/?api1&queryWaroeng%20T-BAH&query_place_idChIJ16l4gZUk0i0R4UCTu5UVsdg,False,False,False,False,0,Rendah,0,1,2,5
Warung babe besang,5.0,1.0,"HHQH+4PX, Unnamed Road",Karangasem Regency,,,https://www.google.com/maps/search/?api1&queryWarung%20babe%20besang&query_place_idChIJjabl0xIH0i0R7MiyKY5LLa4,False,False,False,False,0,Rendah,0,0,1,7
Warung d'jabrix,5.0,2.0,PXJC+FWJ,Buleleng Regency,,+62 877-5976-5170,https://www.google.com/maps/search/?api1&queryWarung%20d'jabrix&query_place_idChIJk8rFno6B0S0RxvLG6GdxeuE,False,False,False,False,0,Rendah,0,1,2,5
Warung Purnama,5.0,1.0,V49F+X8Q,Buleleng Regency,,,https://www.google.com/maps/search/?api1&queryWarung%20Purnama&query_place_idChIJBfFMYCaR0S0Rird-75mmeWc,False,False,False,False,0,Rendah,0,0,1,7
WBJ TEMBAWU,5.0,1.0,Jl. Gatot Subroto Tim. No.96x,Denpasar City,,,https://www.google.com/maps/search/?api1&queryWBJ%20TEMBAWU&query_place_idChIJXfuqNQA_0i0Ra3IoTS7Xh_4,True,False,False,False,1,Sedang,0,0,6,6
Wisma Melati,5.0,2.0,Jl. Padanggalak Sanur No.98,Denpasar City,,,https://www.google.com/maps/search/?api1&queryWisma%20Melati&query_place_idChIJ-TZxMwBB0i0RVmwSDOQ1Ve0,False,False,False,False,0,Rendah,0,0,1,7
4th Floor,4.0,1.0,Jln Legian,Badung Regency,,+62 361 755423,https://www.google.com/maps/search/?api1&query4th%20Floor&query_place_idChIJkTzom7lG0i0R69Ty7-GL-r8,False,False,False,False,0,Rendah,0,1,2,5
Aditi Villas,4.0,2.0,Jl. Pemelisan Agung Gg. Purnama No.8,Badung Regency,,+62 812-3951-8472,https://www.google.com/maps/search/?api1&queryAditi%20Villas&query_place_idChIJbepfLOxH0i0RrYz0t3nn_5I,False,False,False,False,0,Rendah,0,1,2,5
Balai Banjar Kebonjero,4.0,4.0,"JX84+H92, Br. Kebonjero",Tabanan Regency,,,https://www.google.com/maps/search/?api1&queryBalai%20Banjar%20Kebonjero&query_place_idChIJCZLvaRUr0i0RcBr1oiml9ko,False,False,False,False,0,Rendah,0,0,1,7
V,4.0,3.0,Jln Legian No.61,Badung Regency,,,https://www.google.com/maps/search/?api1&queryBali's%20Premiere%20Night%20Club&query_place_idChIJMY3Xm7lG0i0RceF-4El3rpA,False,False,False,False,0,Rendah,0,0,1,7
Blue Arena,4.0,1.0,"75JF+VQ4, Jln Legian",Badung Regency,,+62 361 755188,https://www.google.com/maps/search/?api1&queryBlue%20Arena&query_place_idChIJY2d4nLlG0i0RmwDm712xK7M,False,False,True,False,1,Sedang,0,1,2,5
Mini Bar Jumpink SCemo_69,4.0,2.0,"JJQF+C6V, Gg. 2",Jembrana Regency,,+62 878-5138-2116,https://www.google.com/maps/search/?api1&queryMini%20Bar%20Jumpink%20SCemo_69&query_place_idChIJW0SzAXtj0S0RPm2zSwZzS7w,False,False,False,False,0,Rendah,0,1,2,5
New mahkota,4.0,3.0,JM3H+456,Jembrana Regency,,+62 818-0365-1708,https://www.google.com/maps/search/?api1&queryNew%20mahkota&query_place_idChIJKRXP95vZ0y0RhxMawnBS-YM,True,True,False,False,2,Tinggi,0,1,5,2
Smile Pub,4.0,5.0,Jl. Prof. Dr. Ida Bagus Mantra No.99,Gianyar Regency,,,https://www.google.com/maps/search/?api1&querySmile%20Pub&query_place_idChIJ1ZuBxFMU0i0RF2uckvFPMw0,False,False,False,False,0,Rendah,0,0,1,7
WR.MINA,4.0,1.0,"VJ2J+JW2, Jl. Singaraja-Gilimanuk",Buleleng Regency,,,https://www.google.com/maps/search/?api1&queryWR.MINA&query_place_idChIJ2dEFo2Jv0S0Rpt4hVR5AnLY,False,False,True,False,1,Sedang,0,0,6,6
Cafe balon,3.0,2.0,Jl. Tanah Putih No.30,Badung Regency,,+62 819-3305-8589,https://www.google.com/maps/search/?api1&queryCafe%20balon&query_place_idChIJNapMMQA_0i0RQi517WWpcHs,False,False,False,False,0,Rendah,0,1,2,5
D’VESTA CLUB,3.0,1.0,Jl. Raya Seminyak No.19,Badung Regency,,,https://www.google.com/maps/search/?api1&queryD%E2%80%99VESTA%20CLUB&query_place_idChIJtbM3-pRH0i0RkP9Wsif6L7Q,False,False,False,False,0,Rendah,0,0,1,7
TAWOK HOUSE,3.0,3.0,Jl. Dahlia No.2,Jembrana Regency,,+62 878-6969-5218,https://www.google.com/maps/search/?api1&queryTAWOK%20HOUSE&query_place_idChIJnXFSBm9j0S0Rh3xgBkc9ekU,False,False,False,False,0,Rendah,0,1,2,5
Pk Jm Speed Shop,1.0,1.0,"JHHW+3RX, Jl. Beringin",Jembrana Regency,,,https://www.google.com/maps/search/?api1&queryPk%20Jm%20Speed%20Shop&query_place_idChIJ43Lqal7f0y0R34nXB1S4Ys4,False,False,False,False,0,Rendah,0,0,1,7
Posko The Jaroeh Serokadan,1.0,1.0,"G8GP+P99, Jl. Raya Serokadan",Bangli Regency,,,https://www.google.com/maps/search/?api1&queryPosko%20The%20Jaroeh%20Serokadan&query_place_idChIJc2hcm6QZ0i0RnVYekQGOFPw,False,False,False,False,0,Rendah,0,0,1,7
