title,totalScore,reviewsCount,street,city,website,phone,url,Instagram,Tiktok,Facebook,YouTube,jumlah_sosmed,kategori,has_website,has_phone,cluster,tier
IBIZA SPA BALI,4.8,819,Jl. Bypass Ngurah Rai No.18,Kabupaten Badung,,+62 877-4170-4237,https://www.google.com/maps/search/?api=1&query=IBIZA%20SPA%20BALI&query_place_id=ChIJK2PBswVE0i0RYbBxi27ocYA,TRUE,TRUE,TRUE,FALSE,3,Sangat tinggi,0,1,2,3
Jasmine Aromatic House l Bali Transit Massage & Spa l Airport Free Transfer l Tripadvisor Winning Awards 2025,4.8,3411,Jl. Bypass Ngurah Rai,Kabupaten Badung,https://www.jasminearomatichouse.com/,+62 361 759469,https://www.google.com/maps/search/?api=1&query=Jasmine%20Aromatic%20House%20l%20Bali%20Transit%20Massage%20%26%20Spa%20l%20Airport%20Free%20Transfer%20l%20Tripadvisor%20Winning%20Awards%202025&query_place_id=ChIJvw0xBERB0i0Rdkx-pQri9TM,TRUE,TRUE,TRUE,TRUE,4,Sangat tinggi,1,1,4,1
De Nyuh Spa Kuta,4.7,333,Jl. Bypass Ngurah Rai No.99,Kabupaten Badung,https://www.denyuhspa.com/kuta,+62 899-6667-711,https://www.google.com/maps/search/?api=1&query=De%20Nyuh%20Spa%20Kuta&query_place_id=ChIJc0eAOsRG0i0RrcQq0B4_rT4,FALSE,FALSE,TRUE,FALSE,1,Sedang,1,1,0,4
TsuTsu Spa Bali,5,1759,Jl. Bypass Ngurah Rai No.11-12,Kabupaten Badung,http://tsutsuspa.com/,+62 813-3391-4647,https://www.google.com/maps/search/?api=1&query=TsuTsu%20Spa%20Bali&query_place_id=ChIJF1X9TQBF0i0R76Y7-sH90ps,TRUE,TRUE,TRUE,FALSE,3,Sangat tinggi,1,1,4,1
Tedung Bali Massage,4.8,220,"Pertokoan Tuban Plaza 8, JL. Bypass Ngurah Rai, Tuban, Kuta",Kabupaten Badung,,+62 877-7898-0334,https://www.google.com/maps/search/?api=1&query=Tedung%20Bali%20Massage&query_place_id=ChIJXdJir1ZF0i0RHzQIBlwSeEo,TRUE,FALSE,FALSE,FALSE,1,Sedang,0,1,2,6
"Asri Spa Bali,Tuban",4.9,118,Jl. Pelita No.36,Kabupaten Badung,,+62 812-4643-187,https://www.google.com/maps/search/?api=1&query=Asri%20Spa%20Bali%2CTuban&query_place_id=ChIJLdJTkyJF0i0RanIccJsCSnY,TRUE,FALSE,FALSE,FALSE,1,Sedang,0,1,2,6
Jagat Bali Massage,4.8,479,"Pertokoan Tuban Plaza, Jl. Bypass Ngurah Rai No.17",Kabupaten Badung,https://jagatbalimassage.com/,+62 821-4444-3848,https://www.google.com/maps/search/?api=1&query=Jagat%20Bali%20Massage&query_place_id=ChIJaywGI-COoGcRm3XjZbF3tMc,TRUE,TRUE,FALSE,TRUE,3,Sangat tinggi,1,1,4,1
Bali Orchid Spa,4.8,8336,Jl. Bypass Ngurah Rai No.108,Kota Denpasar,https://www.baliorchidspa.com/,+62 818-0467-7778,https://www.google.com/maps/search/?api=1&query=Bali%20Orchid%20Spa&query_place_id=ChIJe3MSQ01B0i0RkSVO8Bobqjg,TRUE,TRUE,TRUE,TRUE,4,Sangat tinggi,1,1,4,1
Glory Bali Massage,4.8,1906,Jl. Kubu Anyar No.46,Kabupaten Badung,https://glorybalimassage.com/,+62 812-4650-9078,https://www.google.com/maps/search/?api=1&query=Glory%20Bali%20Massage&query_place_id=ChIJD1T4TplH0i0RWjPhJTPpn-I,TRUE,TRUE,FALSE,FALSE,2,Tinggi,1,1,0,2
Amnesti Spa,4,67,"755J+X42, Jl. Bypass Ngurah Rai",Kabupaten Badung,,+62 818-0531-2332,https://www.google.com/maps/search/?api=1&query=Amnesti%20Spa&query_place_id=ChIJtaQWm1dF0i0ROOul9iyLpzI,TRUE,TRUE,TRUE,TRUE,4,Sangat tinggi,0,1,2,3
Bhava Spa Kuta,4.9,587,Jl. Kartika Plaza Gg. Puspa Ayu No.99,Kabupaten Badung,http://bhavaspa.com/,+62 895-4109-12768,https://www.google.com/maps/search/?api=1&query=Bhava%20Spa%20Kuta&query_place_id=ChIJwdzMBh9E0i0RUpaWw3dP8dw,FALSE,FALSE,TRUE,FALSE,1,Sedang,1,1,0,4
Avenue SPA Massage Kuta Bali,4.2,423,Jalan Sunset Road 1 Bangoo 5 Simpang Siur,Kabupaten Badung,,+62 361 762327,https://www.google.com/maps/search/?api=1&query=Avenue%20SPA%20Massage%20Kuta%20Bali&query_place_id=ChIJtRUy3bNG0i0RXoPO__5rDTo,FALSE,FALSE,FALSE,FALSE,0,Rendah,0,1,2,6
Krisna massage & Reflexology,4.8,35,"Pertokoan, Ruko Tuban Plaza, Jl. Bypass Ngurah Rai No.Kavling 5",Kabupaten Badung,,+62 821-4441-0368,https://www.google.com/maps/search/?api=1&query=Krisna%20massage%20%26%20Reflexology&query_place_id=ChIJjctEFQBF0i0RUHpprr3y0jo,FALSE,FALSE,FALSE,FALSE,0,Rendah,0,1,2,6
Let It Flow Spa x The Keranjang,5,89,Jl. Bypass Ngurah Rai No.97,Kabupaten Badung,http://letitflowspa.com/,+62 812-2545-3685,https://www.google.com/maps/search/?api=1&query=Let%20It%20Flow%20Spa%20x%20The%20Keranjang&query_place_id=ChIJSYqzwP9F0i0RwGPQemb5Aw4,TRUE,FALSE,FALSE,FALSE,1,Sedang,1,1,0,4
Rumah Wangi Airport Spa – Kuta Bali,4.6,404,"Ruko Tuban Plaza, Jl. Bypass Ngurah Rai no. 12",Kabupaten Badung,https://linktr.ee/rumahwangispa_rumahspabali,+62 361 759550,https://www.google.com/maps/search/?api=1&query=Rumah%20Wangi%20Airport%20Spa%20%E2%80%93%20Kuta%20Bali&query_place_id=ChIJE11ZpwNE0i0RIluHDHXEoZs,FALSE,TRUE,FALSE,FALSE,1,Sedang,1,1,0,4
Griya Bugar 1,4.4,569,"756J+76R, Jl. Bypass Ngurah Rai",Kabupaten Badung,,+62 361 767482,https://www.google.com/maps/search/?api=1&query=Griya%20Bugar%201&query_place_id=ChIJ6WWnfARE0i0R_wuWPshLqOw,TRUE,TRUE,TRUE,TRUE,4,Sangat tinggi,0,1,2,3
Marsya Bali Spa,4.4,302,Jl. Kubu Anyar No.18,Kabupaten Badung,,+62 857-3722-7776,https://www.google.com/maps/search/?api=1&query=Marsya%20Bali%20Spa&query_place_id=ChIJm4cmxKRG0i0R_VS724d9fps,TRUE,FALSE,TRUE,FALSE,2,Tinggi,0,1,2,3
Griya Bugar 2,4.5,848,"Pertokoan Tuban Plaza, Ruko Tuban Plaza, Jl. Bypass Ngurah Rai No.27 Kav 25",Kabupaten Badung,,+62 361 759441,https://www.google.com/maps/search/?api=1&query=Griya%20Bugar%202&query_place_id=ChIJvTltngNE0i0RcfWVpcj5m8c,TRUE,TRUE,TRUE,TRUE,4,Sangat tinggi,0,1,2,3
Ritual Spa by Ambiente,4.7,241,"75GC+3P9, Jl. Bakung Sari",Kabupaten Badung,https://ramayanasuiteskuta.com/experience-adventure/wellness/,+62 858-2908-7955,https://www.google.com/maps/search/?api=1&query=Ritual%20Spa%20by%20Ambiente&query_place_id=ChIJwdMoky1H0i0RCvV9LPeHuhg,TRUE,TRUE,TRUE,FALSE,3,Sangat tinggi,1,1,4,1
Liang Spa Premium,4.6,47,"Watermark Hotel & Spa, Jl. Raya Uluwatu No.88",Kabupaten Badung,https://liangspapremium.com/,+62 361 4725115,https://www.google.com/maps/search/?api=1&query=Liang%20Spa%20Premium&query_place_id=ChIJxdpTOG5E0i0RWEFgQ33HK2c,TRUE,TRUE,TRUE,FALSE,3,Sangat tinggi,1,1,4,1
Carla Spa Kartika Lama,4.9,5236,"next to, Lippo Mall, Jl. Kartika Plaza No.100X",Kabupaten Badung,https://carlaspabali.com/cabang/detail/TzNPN1plV21RemczMVB5d1FlVkNTUT09,+62 851-0304-1010,https://www.google.com/maps/search/?api=1&query=Carla%20Spa%20Kartika%20Lama&query_place_id=ChIJ3YyPTaBG0i0RtLlZRj3NjGw,TRUE,TRUE,TRUE,FALSE,3,Sangat tinggi,1,1,4,1
Let It Flow SPA,4.9,51,Jl. Kediri No.9F,Kabupaten Badung,http://letitflowspa.com/,+62 812-2545-3685,https://www.google.com/maps/search/?api=1&query=Let%20It%20Flow%20SPA&query_place_id=ChIJp_2donZF0i0R3MC-HCYgpMw,TRUE,FALSE,FALSE,FALSE,1,Sedang,1,1,0,4
W. Massage & SPA,5,13,"758F+Q74, Gg. Purwosari No.41",Kabupaten Badung,,+62 859-5638-6731,https://www.google.com/maps/search/?api=1&query=W.%20Massage%20%26%20SPA&query_place_id=ChIJOQlrHgBH0i0R40v4oCXZH4Y,FALSE,TRUE,FALSE,FALSE,1,Sedang,0,1,2,6
Tropicana Spa,4.6,109,Jl. Bypass Ngurah Rai Jl. Simpang Dewa Ruci No.7,Kabupaten Badung,https://tropicanaspakutabali.com/,+62 361 754774,https://www.google.com/maps/search/?api=1&query=Tropicana%20Spa&query_place_id=ChIJLetvErJG0i0R4FGjtnZAQlU,TRUE,TRUE,FALSE,FALSE,2,Tinggi,1,1,0,2
MySpa Reflexology - Bali,3.9,214,,Kabupaten Badung,,+62 811-3963-535,https://www.google.com/maps/search/?api=1&query=MySpa%20Reflexology%20-%20Bali&query_place_id=ChIJb7VSgilH0i0RO4xDIQ89yy4,TRUE,TRUE,FALSE,FALSE,2,Tinggi,0,1,2,3
Everyday,4.6,456,Jl. Raya Kuta No.129,Kabupaten Badung,,+62 361 762125,https://www.google.com/maps/search/?api=1&query=Everyday&query_place_id=ChIJb4Jwx7hG0i0R8y1OW7Mlkhg,TRUE,TRUE,FALSE,FALSE,2,Tinggi,0,1,2,3
Reborn Sunset Underpass,4.6,2145,"A No, Jl. Sunset Road No.1",Kabupaten Badung,,+62 855-3788-788,https://www.google.com/maps/search/?api=1&query=Reborn%20Sunset%20Underpass&query_place_id=ChIJo-HGqMVG0i0RosiMRNqcQdE,TRUE,TRUE,TRUE,FALSE,3,Sangat tinggi,0,1,2,3
Denzo healing SPA & oil cream,5,4,Jl. Glogor Carik No.11b,Kota Denpasar,,+62 813-5393-2211,https://www.google.com/maps/search/?api=1&query=Denzo%20healing%20SPA%20%26%20oil%20cream&query_place_id=ChIJeYRMJcRB0i0RXxTrP9b1Pws,TRUE,FALSE,FALSE,FALSE,1,Sedang,0,1,2,6
Cozy Spa,4.4,848,Jl. Sunset Road No.66,Kabupaten Badung,,+62 812-3850-6622,https://www.google.com/maps/search/?api=1&query=Cozy%20Spa&query_place_id=ChIJD7io6sVG0i0RtyKvNhOsMaA,TRUE,FALSE,FALSE,FALSE,1,Sedang,0,1,2,6
Mawar Salon & Spa,4.6,15,"75HJ+8R4, Jl. Bypass Ngurah Rai",Kabupaten Badung,,+62 823-4725-8353,https://www.google.com/maps/search/?api=1&query=Mawar%20Salon%20%26%20Spa&query_place_id=ChIJH6yWQhdH0i0RgP-wGOXV0Pc,FALSE,FALSE,FALSE,FALSE,0,Rendah,0,1,2,6
OM SPA 1 Organic Massage & Spa,4.5,148,"Jalan Legian, Jl. Poppies II Gg. Ronta",Kabupaten Badung,,+62 821-4647-4012,https://www.google.com/maps/search/?api=1&query=OM%20SPA%201%20Organic%20Massage%20%26%20Spa&query_place_id=ChIJcZlXPVBH0i0RADsgVrdWX0U,FALSE,FALSE,FALSE,FALSE,0,Rendah,0,1,2,6
AMBORO SPA BALI,5,18,,Kabupaten Badung,https://amborospabali.com/,+62 895-3805-55333,https://www.google.com/maps/search/?api=1&query=AMBORO%20SPA%20BALI&query_place_id=ChIJ68ewnyJF0i0RddDYF4k7fds,TRUE,FALSE,FALSE,FALSE,1,Sedang,1,1,0,4
Massage IN (Ayuk traditional massage & spa),5,217,Jl. Besakih perumahan pondok citra,Kota Denpasar,https://linktr.ee/MassageINBali,+62 878-5958-0322,https://www.google.com/maps/search/?api=1&query=Massage%20IN%20(Ayuk%20traditional%20massage%20%26%20spa)&query_place_id=ChIJJ-n3xXdB0i0RhNFTsAcnR2Q,TRUE,FALSE,FALSE,FALSE,1,Sedang,1,1,0,4
MOKSHA SPA,4.6,389,Jl. Pantai Kuta No.41,Kabupaten Badung,,+62 813-3900-7281,https://www.google.com/maps/search/?api=1&query=MOKSHA%20SPA&query_place_id=ChIJd5XTvpRH0i0Rh_QuGBfDGzA,FALSE,FALSE,FALSE,FALSE,0,Rendah,0,1,2,6
Green Tea Spa - Pantai Kuta,4.7,116,Jl. Pantai Kuta No.68,Kabupaten Badung,,+62 821-4703-2903,https://www.google.com/maps/search/?api=1&query=Green%20Tea%20Spa%20-%20Pantai%20Kuta&query_place_id=ChIJjQyMa2xH0i0RWJggHqXYmgM,FALSE,TRUE,FALSE,FALSE,1,Sedang,0,1,2,6
Soma Massage and Spa Pantai,4.5,416,Jl. Pantai Kuta No.29D,Kabupaten Badung,,+62 812-3963-3101,https://www.google.com/maps/search/?api=1&query=Soma%20Massage%20and%20Spa%20Pantai&query_place_id=ChIJ5RHTI7tG0i0RGD7q3b1HqF8,TRUE,TRUE,TRUE,FALSE,3,Sangat tinggi,0,1,2,3
Griya Pijat TBS Sunset (d/h The Body Spa Sunset Garden),4.5,152,"Business District, Jl. Sunset Garden Jl. Sunset Road No.6",Kota Denpasar,https://www.instagram.com/thebodyspa.bali/,+62 821-2288-3090,https://www.google.com/maps/search/?api=1&query=Griya%20Pijat%20TBS%20Sunset%20(d%2Fh%20The%20Body%20Spa%20Sunset%20Garden)&query_place_id=ChIJ3woVAGZH0i0RLpY2c5ghguw,TRUE,TRUE,FALSE,FALSE,2,Tinggi,1,1,0,2
ZONA SPA BALI,3.8,90,"pertokoan sunset indah 1 sunset boulevard 89 - kav 9 kuta,bali 80361 Kuta",Kabupaten Badung,,+62 361 4753658,https://www.google.com/maps/search/?api=1&query=ZONA%20SPA%20BALI&query_place_id=ChIJxcR1swVE0i0RCY4OQR76r00,TRUE,FALSE,FALSE,TRUE,2,Tinggi,0,1,2,3
Isabel Massage Bali,5,1,Jl. Merdeka Raya III No.1,Kabupaten Badung,https://isabelmassagebali.com/,+62 813-3835-806,https://www.google.com/maps/search/?api=1&query=Isabel%20Massage%20Bali&query_place_id=ChIJbx5TJ3RH0i0RB66_ggRxGlk,FALSE,FALSE,FALSE,FALSE,0,Rendah,1,1,0,4
Secret Garden Spa,4.9,66,"SECRET GARDEN SPRING, Jl. Sunset Road",Kabupaten Badung,,+62 811-3818-1111,https://www.google.com/maps/search/?api=1&query=Secret%20Garden%20Spa&query_place_id=ChIJfYN7mUJH0i0R938Z3WJIzso,TRUE,FALSE,FALSE,FALSE,1,Sedang,0,1,2,6
Bali massage,0,0,Perumahan padmayana B,Kota Denpasar,,+62 859-3285-3360,https://www.google.com/maps/search/?api=1&query=Bali%20massage&query_place_id=ChIJSSF9nTxH0i0RqbUG-7gNkHc,TRUE,FALSE,FALSE,FALSE,1,Sedang,0,1,3,6
Faradish Spa & Massage,4.2,17,Jl. Raya Kuta gang sehati,Kabupaten Badung,https://faradishspa.id/,+62 812-9896-9645,https://www.google.com/maps/search/?api=1&query=Faradish%20Spa%20%26%20Massage&query_place_id=ChIJ_-IpnX5H0i0RzTWCnLAhDno,FALSE,FALSE,FALSE,FALSE,0,Rendah,1,1,0,4
Teratai Bali massge,5,4,Jl. Sunset Garden No.16-6,Kota Denpasar,,+62 812-3993-9806,https://www.google.com/maps/search/?api=1&query=Teratai%20Bali%20massge&query_place_id=ChIJVfxnerBH0i0RWd18Iw75Iv8,FALSE,FALSE,FALSE,FALSE,0,Rendah,0,1,2,6
Savaya Spa & Massge,5,2,"75PM+C2C, Jl. Raya Kuta",Kabupaten Badung,https://faradishspa.com/,+62 851-7699-2941,https://www.google.com/maps/search/?api=1&query=Savaya%20Spa%20%26%20Massge&query_place_id=ChIJKUxSh2lH0i0R4EjKrcb4Txk,FALSE,TRUE,FALSE,FALSE,1,Sedang,1,1,0,4
Taman Air Spa,4.8,4636,Jl. Sunset Road No.88,Kabupaten Badung,http://www.tamanairspa.com/,+62 361 8947300,https://www.google.com/maps/search/?api=1&query=Taman%20Air%20Spa&query_place_id=ChIJZxcJp85G0i0Rh93sMVkVBek,TRUE,TRUE,TRUE,TRUE,4,Sangat tinggi,1,1,4,1
Alaya Spa,5,1,"75MM+GP5, Jl. Tegeh Sari III",Kabupaten Badung,,,https://www.google.com/maps/search/?api=1&query=Alaya%20Spa&query_place_id=ChIJvyRU_JpH0i0RKSpuTDxllHA,TRUE,TRUE,FALSE,FALSE,2,Tinggi,0,0,1,7
NICE SPA,5,3,75MQ+WQ2,Kota Denpasar,,,https://www.google.com/maps/search/?api=1&query=NICE%20SPA&query_place_id=ChIJ_1T9ZABB0i0RUmN6CpWypGc,FALSE,FALSE,FALSE,FALSE,0,Rendah,0,0,1,7
Sway Spa Kuta,4.9,28,ruko Rs 12A Jl. Patih Jelantik,Kabupaten Badung,https://swaybalispa.com/,+62 889-9410-1842,https://www.google.com/maps/search/?api=1&query=Sway%20Spa%20Kuta&query_place_id=ChIJ_UiUMABH0i0R1i7BYA7S1Po,FALSE,FALSE,FALSE,FALSE,0,Rendah,1,1,0,4
Grand Mega Resort & Spa Bali,4,3318,Jl. Bypass Ngurah Rai No.234,Kabupaten Badung,https://www.grandmegaresortbali.com/,+62 361 767672,https://www.google.com/maps/search/?api=1&query=Grand%20Mega%20Resort%20%26%20Spa%20Bali&query_place_id=ChIJtZQ2FbJG0i0RCVpQrXDV9E8,TRUE,TRUE,TRUE,FALSE,3,Sangat tinggi,1,1,4,1
Healty spa 2,0,0,"75PQ+8WF, Jl. Taman Pancing",Kota Denpasar,,+62 823-3913-3532,https://www.google.com/maps/search/?api=1&query=Healty%20spa%202&query_place_id=ChIJPyySVJFB0i0RgIVZgxyzPUk,FALSE,TRUE,FALSE,FALSE,1,Sedang,0,1,3,6
Wojo Usadha III,4.1,440,Jl. Glogor Carik No.19,Kota Denpasar,,+62 812-1277-7177,https://www.google.com/maps/search/?api=1&query=Wojo%20Usadha%20III&query_place_id=ChIJHTo0tChH0i0RU2EkGSMju6M,TRUE,FALSE,TRUE,TRUE,3,Sangat tinggi,0,1,2,3
Teratai Bali Spa,5,2,"75HM+CGC, Jl. Griya Anyar",Kota Denpasar,https://terataibalispa.com/,+62 812-3993-9806,https://www.google.com/maps/search/?api=1&query=Teratai%20Bali%20Spa&query_place_id=ChIJq2fvZK9H0i0RMlgZoYrY82M,TRUE,FALSE,FALSE,FALSE,1,Sedang,1,1,0,4
Kokuo Family Massage & Reflexology Bali Discovery,4.7,1587,"Discovery Mall Bali, Jl. Kartika Plaza 1st",Kabupaten Badung,https://lokasi.kokuo.co.id/kokuo-family-massage-reflexology-bali-discovery-massage-therapy-kec-kuta-badung-525735/Home?utm_source=locator&utm_medium=googleplaces,+62 361 769500,https://www.google.com/maps/search/?api=1&query=Kokuo%20Family%20Massage%20%26%20Reflexology%20Bali%20Discovery&query_place_id=ChIJ_aCZtv1H0i0Rhjz7LRR1f6w,TRUE,TRUE,TRUE,FALSE,3,Sangat tinggi,1,1,4,1
Sukha Spa,4.8,181,Jl. Wana Segara,Kabupaten Badung,https://www.risatabali.com/sukha-spa/,+62 361 3003339,https://www.google.com/maps/search/?api=1&query=Sukha%20Spa&query_place_id=ChIJ5y8gbyNF0i0Rj6xBMxm52Zs,TRUE,FALSE,TRUE,FALSE,2,Tinggi,1,1,0,2
Theta Spa by The Sea,4.4,221,"Inside Restaurant Pantai, Jl. Wana Segara",Kabupaten Badung,http://www.thetaspa.com/,+62 819-1561-1119,https://www.google.com/maps/search/?api=1&query=Theta%20Spa%20by%20The%20Sea&query_place_id=ChIJP4bNmaNG0i0R7xS4ebvxQlc,TRUE,TRUE,TRUE,FALSE,3,Sangat tinggi,1,1,4,1
Discovery Spa & Wellness Center,4.9,157,"Beach (inside, Discovery Kartika Plaza Hotel, Jl. Kartika Plaza",Kabupaten Badung,https://www.discoverykartikaplaza.com/topic/activities/discovery-spa/,+62 811-3831-8331,https://www.google.com/maps/search/?api=1&query=Discovery%20Spa%20%26%20Wellness%20Center&query_place_id=ChIJGcVJ8e5H0i0RwF1jvHLewk4,TRUE,TRUE,TRUE,TRUE,4,Sangat tinggi,1,1,4,1
Juana SPA Kartika,4.9,330,Jl. Kartika Plaza,Kabupaten Badung,,+62 896-7231-8517,https://www.google.com/maps/search/?api=1&query=Juana%20SPA%20Kartika&query_place_id=ChIJIeqtVQBH0i0RdjA1vfinwew,TRUE,FALSE,TRUE,FALSE,2,Tinggi,0,1,2,3
Herbal Spa Bali Kuta - Seminyak Massage Therapy & Relaxation 1,4.7,202,"Hotel Fave Kuta, Jl. Kartika Plaza",Kabupaten Badung,http://herbalspabali.com/,+62 857-3877-9697,https://www.google.com/maps/search/?api=1&query=Herbal%20Spa%20Bali%20Kuta%20-%20Seminyak%20Massage%20Therapy%20%26%20Relaxation%201&query_place_id=ChIJAehEMN9H0i0R3xx8BlCyeY0,TRUE,FALSE,TRUE,FALSE,2,Tinggi,1,1,0,2
The One Massage Bali,4.6,16,7579+HCQ,Kabupaten Badung,https://api.whatsapp.com/send?phone=6281529227145&text=Hello%20The%20One%20Massage,+62 881-0383-81635,https://www.google.com/maps/search/?api=1&query=The%20One%20Massage%20Bali&query_place_id=ChIJyQoYw81H0i0RAgs3KIS2dkY,FALSE,FALSE,TRUE,FALSE,1,Sedang,1,1,0,4
Crown Day Spa 2,4.5,297,Jl. Kartika Plaza No.12 B,Kabupaten Badung,https://www.crowndayspabali.com/,+62 881-0384-17408,https://www.google.com/maps/search/?api=1&query=Crown%20Day%20Spa%202&query_place_id=ChIJw5LifPpH0i0RKGunOQg0b9w,TRUE,TRUE,TRUE,FALSE,3,Sangat tinggi,1,1,4,1
Crown Day Spa 3,4.6,267,Jl. Kartika Plaza No.90X,Kabupaten Badung,http://www.crowndayspabali.com/,+62 857-3898-3759,https://www.google.com/maps/search/?api=1&query=Crown%20Day%20Spa%203&query_place_id=ChIJSwmL3W5H0i0RIdyxPOUTph4,TRUE,TRUE,TRUE,FALSE,3,Sangat tinggi,1,1,4,1
Aeni Spa Wana,4.4,176,Jl. Wana Segara,Kabupaten Badung,,+62 813-3858-4043,https://www.google.com/maps/search/?api=1&query=Aeni%20Spa%20Wana&query_place_id=ChIJWfSQKiBE0i0RAyYC3iVcM08,FALSE,FALSE,TRUE,FALSE,1,Sedang,0,1,2,6
Anggita Spa Wanasegara,4.6,459,Jl. Wana Segara No.14,Kabupaten Badung,,+62 812-3729-2896,https://www.google.com/maps/search/?api=1&query=Anggita%20Spa%20Wanasegara&query_place_id=ChIJRc2BeB9E0i0RvVBiQcbWZnI,TRUE,TRUE,TRUE,TRUE,4,Sangat tinggi,0,1,2,3
R8POINTS - SPA,4.8,233,Jl. Kartika Plaza,Kabupaten Badung,,+62 812-3958-8919,https://www.google.com/maps/search/?api=1&query=R8POINTS%20-%20SPA&query_place_id=ChIJi06mB-9H0i0RkU0PxFWZeqc,TRUE,FALSE,FALSE,FALSE,1,Sedang,0,1,2,6
Escape Spa & Reflexology,5,53,Jl. Kartika Plaza No.92,Kabupaten Badung,https://www.grandixora.com/spa.php,+62 361 759099,https://www.google.com/maps/search/?api=1&query=Escape%20Spa%20%26%20Reflexology&query_place_id=ChIJD8Xh2bhH0i0RFvpjIhfSBRg,TRUE,FALSE,FALSE,FALSE,1,Sedang,1,1,0,4
Sakanti spa,4.6,39,"7598+29C, Jl. Kartika Plaza",Kabupaten Badung,http://www.theanvayabali.com/,+62 361 759991,https://www.google.com/maps/search/?api=1&query=Sakanti%20spa&query_place_id=ChIJdWLzo6FG0i0R8JLgLaHIXao,TRUE,TRUE,TRUE,FALSE,3,Sangat tinggi,1,1,4,1
Island Spa at Kuta,4.9,24,Jl. Kartika Plaza No.88,Kabupaten Badung,https://sunislandbali.com/island-spa/,+62 818-0688-8874,https://www.google.com/maps/search/?api=1&query=Island%20Spa%20at%20Kuta&query_place_id=ChIJrX8V5m5H0i0R1rtEqaW8fbw,TRUE,TRUE,TRUE,FALSE,3,Sangat tinggi,1,1,4,1
Family SPA & HEALING,4.3,97,Gg. Puspa Ayu Jl. Kartika Plaza,Kabupaten Badung,,+62 831-7499-6437,https://www.google.com/maps/search/?api=1&query=Family%20SPA%20%26%20HEALING&query_place_id=ChIJuVz2PD5H0i0Rj-2C-4q2pEk,TRUE,FALSE,FALSE,FALSE,1,Sedang,0,1,2,6
Sekar Sari Spa,3,2,Jl. BY Pass I. Gusti Ngurah RAI GG. Mitra 10 No.4,Kota Denpasar,,+62 822-6636-1620,https://www.google.com/maps/search/?api=1&query=Sekar%20Sari%20Spa&query_place_id=ChIJr9QXd05B0i0RUof8uOIxPdg,TRUE,TRUE,FALSE,FALSE,2,Tinggi,0,1,2,3
TURKI BALI SPA,3.3,4,Jl. Taman Pancing Timur No.99,Kota Denpasar,,,https://www.google.com/maps/search/?api=1&query=TURKI%20BALI%20SPA&query_place_id=ChIJrzyJT0tB0i0RllBpVUD4-wU,TRUE,TRUE,FALSE,FALSE,2,Tinggi,0,0,1,7
DEPUN BALI Family Massage,0,0,,Kota Denpasar,,,https://www.google.com/maps/search/?api=1&query=DEPUN%20BALI%20Family%20Massage&query_place_id=ChIJCzCdlk1B0i0Ro2lAypjzlWo,FALSE,FALSE,FALSE,FALSE,0,Rendah,0,0,5,7
Pijit tradisional,0,0,Jl. Glogor Carik No.25,Kota Denpasar,,,https://www.google.com/maps/search/?api=1&query=Pijit%20tradisional&query_place_id=ChIJIXNQaQBH0i0RKCWTO5mgG9g,FALSE,FALSE,FALSE,FALSE,0,Rendah,0,0,5,7
Pijat Capek Tradisional (Mas Son),5,1,Pondok Lotus Jl. Taman Pancing No.45,Kota Denpasar,,+62 877-6026-3780,https://www.google.com/maps/search/?api=1&query=Pijat%20Capek%20Tradisional%20(Mas%20Son)&query_place_id=ChIJg-kBLqhB0i0RX2b08Mz8hYc,TRUE,FALSE,FALSE,FALSE,1,Sedang,0,1,2,6
BALI MASSAGE Home service,0,0,Jl. Glogor Carik No.34,Kota Denpasar,,+62 812-3931-5599,https://www.google.com/maps/search/?api=1&query=BALI%20MASSAGE%20Home%20service&query_place_id=ChIJ5QRy3ddH0i0RlVBrn3rq49s,TRUE,TRUE,FALSE,FALSE,2,Tinggi,0,1,3,3
Bunga Beauty Salon & spa,5,1,Jl. Taman Pancing Timur No.99,Kota Denpasar,,,https://www.google.com/maps/search/?api=1&query=Bunga%20Beauty%20Salon%20%26%20spa&query_place_id=ChIJbR7tEbpB0i0RqFvHLOUUiTM,TRUE,TRUE,FALSE,FALSE,2,Tinggi,0,0,1,7
"Dian Beauty Salon, Skincare, Barber & Spa",0,0,"75MQ+24H, Jl. Glogor Carik",Kota Denpasar,,,https://www.google.com/maps/search/?api=1&query=Dian%20Beauty%20Salon%2C%20Skincare%2C%20Barber%20%26%20Spa&query_place_id=ChIJwTilprRG0i0R_bAZbonB1ok,TRUE,TRUE,FALSE,FALSE,2,Tinggi,0,0,5,7
Asyh Beauty Salon,4.5,150,Jl. Taman Pancing,Kota Denpasar,,+62 877-6134-0007,https://www.google.com/maps/search/?api=1&query=Asyh%20Beauty%20Salon&query_place_id=ChIJUx-xLktB0i0RtgTzlE0TPbQ,TRUE,TRUE,TRUE,FALSE,3,Sangat tinggi,0,1,2,3
Pure Bali Day Spa & Sanny Day Spa,3.3,71,Jl. Kartika Plaza No.10,Kabupaten Badung,,+62 857-9244-9865,https://www.google.com/maps/search/?api=1&query=Pure%20Bali%20Day%20Spa%20%26%20Sanny%20Day%20Spa&query_place_id=ChIJd6449zZH0i0RWrfDN83uOVY,TRUE,FALSE,FALSE,FALSE,1,Sedang,0,1,2,6
Oasis Bali Spa,4.8,17,Jl. Kartika Plaza Gg. Pudak Sari No.7,Kabupaten Badung,https://oasisbalispa.com/,+62 821-4483-3380,https://www.google.com/maps/search/?api=1&query=Oasis%20Bali%20Spa&query_place_id=ChIJjdTIZyRH0i0RhbDG6kCqfDE,TRUE,FALSE,TRUE,FALSE,2,Tinggi,1,1,0,2
Lemon Tea Spa,4.1,174,Jl. Kartika Plaza No.90X,Kabupaten Badung,,+62 361 7463518,https://www.google.com/maps/search/?api=1&query=Lemon%20Tea%20Spa&query_place_id=ChIJozZcZaBG0i0RF69kZAgYW54,TRUE,FALSE,TRUE,FALSE,2,Tinggi,0,1,2,3
GLAMOROUS DAY SPA,3,6,Jl. Kartika Plaza No.9,Kabupaten Badung,,,https://www.google.com/maps/search/?api=1&query=GLAMOROUS%20DAY%20SPA&query_place_id=ChIJS9l8VQBH0i0R5C3ePRI_fKc,FALSE,FALSE,FALSE,FALSE,0,Rendah,0,0,1,7
The Spa at The Vira Bali Boutique Hotel & Suite,4.7,12,Jl. Kartika Plaza No.127,Kabupaten Badung,,+62 877-4404-9166,https://www.google.com/maps/search/?api=1&query=The%20Spa%20at%20The%20Vira%20Bali%20Boutique%20Hotel%20%26%20Suite&query_place_id=ChIJhaS0B_RF0i0R5_SZk20mLSg,TRUE,FALSE,TRUE,FALSE,2,Tinggi,0,1,2,3
Summer Day Spa Bali,2.7,29,Jl. Kartika Plaza No.77X,Kabupaten Badung,,+62 818-344-271,https://www.google.com/maps/search/?api=1&query=Summer%20Day%20Spa%20Bali&query_place_id=ChIJ_W-LXQBH0i0R2Ot9QiIUdJ4,TRUE,FALSE,FALSE,FALSE,1,Sedang,0,1,2,6
TAK SHING - Electrostatic Therapy Center,5,15,"Jl Sunset Road Boulevard Pertokoan Dewa Ruci, Blok B5",Kabupaten Badung,https://instagram.com/balitakshing?igshid=YmMyMTA2M2Y=,+62 821-4591-6267,https://www.google.com/maps/search/?api=1&query=TAK%20SHING%20-%20Electrostatic%20Therapy%20Center&query_place_id=ChIJR6Zf4bNG0i0RvJt3jDTgTCA,TRUE,TRUE,TRUE,TRUE,4,Sangat tinggi,1,1,4,1
Bu Rizal Pijat,3,2,"75JQ+9FP, Jl. Taman Pancing Gg Lestari indah",Kota Denpasar,,+62 853-3769-8193,https://www.google.com/maps/search/?api=1&query=Bu%20Rizal%20Pijat&query_place_id=ChIJr8r-yO1H0i0RgfJwk9vzPXQ,FALSE,FALSE,FALSE,FALSE,0,Rendah,0,1,2,6
Spa out call (massage home servis ),0,0,,,,+62 857-3742-7452,https://www.google.com/maps/search/?api=1&query=Spa%20out%20call%20(massage%20home%20servis%20)&query_place_id=ChIJW7hcJ6fyq6QRTPY9x6qvdXk,FALSE,FALSE,FALSE,FALSE,0,Rendah,0,1,3,6
Butterfly Massage Spa,0,0,,,https://butterflymassagebali.com/,+62 813-3732-7956,https://www.google.com/maps/search/?api=1&query=Butterfly%20Massage%20Spa&query_place_id=ChIJXXezC1yTyQUR9dcqt11Ug0M,FALSE,FALSE,FALSE,FALSE,0,Rendah,1,1,6,4
Fairfield by Marriott Bali Kuta Sunset Road,4.6,2135,Jl. Merdeka Raya No.Vii,Kabupaten Badung,https://www.marriott.com/en-us/hotels/dpsfb-fairfield-bali-kuta-sunset-road/overview/?scid=f2ae0541-1279-4f24-b197-a979c79310b0,+62 361 2099100,https://www.google.com/maps/search/?api=1&query=Fairfield%20by%20Marriott%20Bali%20Kuta%20Sunset%20Road&query_place_id=ChIJ7WLIJPyF0S0RkTIAUhMOAus,TRUE,FALSE,TRUE,TRUE,3,Sangat tinggi,1,1,4,1
Tirta Bali Spa,0,0,,,https://api.whatsapp.com/send?phone=628873637366,+62 887-3637-366,https://www.google.com/maps/search/?api=1&query=Tirta%20Bali%20Spa&query_place_id=ChIJtyMam4daeW4RDBYje8CKkl0,FALSE,FALSE,FALSE,FALSE,0,Rendah,1,1,6,4
ARC Anti-Aging Beauty Clinics,4.4,65,Jl. Sunset Road No.819,Kabupaten Badung,http://arcclinics.com/,+62 361 754645,https://www.google.com/maps/search/?api=1&query=ARC%20Anti-Aging%20Beauty%20Clinics&query_place_id=ChIJiwNNDrVG0i0R5TOlP3DlhiE,TRUE,FALSE,TRUE,TRUE,3,Sangat tinggi,1,1,4,1
Milloe Massage,0,0,,,https://wa.me/qr/Z2X5JY4DKWOLM1,+62 881-3376-6196,https://www.google.com/maps/search/?api=1&query=Milloe%20Massage&query_place_id=ChIJGeZzuEU__SkRSvkHUOimgTQ,FALSE,FALSE,FALSE,FALSE,0,Rendah,1,1,6,4
Relax Home Massage Bali,0,0,,,https://www.instagram.com/invites/contact/?i=13go129go4ora&utm_content=r6xefl5,+62 812-3928-5564,https://www.google.com/maps/search/?api=1&query=Relax%20Home%20Massage%20Bali&query_place_id=ChIJ2ajnQlyNbGsR17tS6VvOnWU,FALSE,FALSE,FALSE,FALSE,0,Rendah,1,1,6,4
Hello Blissora,0,0,,,https://www.blissora.com/,+62 858-0870-5038,https://www.google.com/maps/search/?api=1&query=Hello%20Blissora&query_place_id=ChIJia5oVVb7xgIR9IbGvStSj5g,TRUE,FALSE,FALSE,FALSE,1,Sedang,1,1,6,4
massage home service,0,0,,,,+62 819-9903-3301,https://www.google.com/maps/search/?api=1&query=massage%20home%20service&query_place_id=ChIJd9PNRtMNBSER53GyxrvbpgM,FALSE,FALSE,FALSE,FALSE,0,Rendah,0,1,3,6
Mobile Massage Therapist Bali-Agung adex,0,0,,,,+62 877-1558-5949,https://www.google.com/maps/search/?api=1&query=Mobile%20Massage%20Therapist%20Bali-Agung%20adex&query_place_id=ChIJC_PU3mbhaIIRDQpavMoWvDs,FALSE,FALSE,FALSE,FALSE,0,Rendah,0,1,3,6
Kareshi Home Spa & Shop,0,0,,,https://www.linktr.ee/kareshi,+62 899-5326-402,https://www.google.com/maps/search/?api=1&query=Kareshi%20Home%20Spa%20%26%20Shop&query_place_id=ChIJ-w3GLX-reQwR_45CmNAtmuY,TRUE,FALSE,FALSE,FALSE,1,Sedang,1,1,6,4
Amanda Massage & Spa,4,21,Jl. Kubu Anyar No.115,Kabupaten Badung,,+62 851-0601-3928,https://www.google.com/maps/search/?api=1&query=Amanda%20Massage%20%26%20Spa&query_place_id=ChIJi4oTIx5E0i0Rv6EQyzoRsPA,FALSE,FALSE,FALSE,FALSE,0,Rendah,0,1,2,6
La Risso Spa & Salon,4.4,89,Jl. Kartika Plaza No.90X,Kabupaten Badung,,+62 361 753822,https://www.google.com/maps/search/?api=1&query=La%20Risso%20Spa%20%26%20Salon&query_place_id=ChIJ2VBLn6FG0i0R-2sc5NJRCH8,TRUE,FALSE,TRUE,FALSE,2,Tinggi,0,1,2,3
Elysium Spa,4,9,Jl. Kartika Plaza No.42,Kabupaten Badung,https://www.myedenhotels.com/facilities/elysium-spa/,+62 896-7182-9292,https://www.google.com/maps/search/?api=1&query=Elysium%20Spa&query_place_id=ChIJQ0a3YiBH0i0RQKLFkYnbdEs,TRUE,FALSE,TRUE,FALSE,2,Tinggi,1,1,0,2
Arliya Spa,3.9,16,Jl. Kartika Plaza,Kabupaten Badung,https://arliyaspa.com/,+62 882-4524-0232,https://www.google.com/maps/search/?api=1&query=Arliya%20Spa&query_place_id=ChIJ2bkbbMxF0i0RNgPfOAY114o,TRUE,FALSE,FALSE,FALSE,1,Sedang,1,1,0,4
BALI QUEEN SPA,5,4,Jl. Kartika Plaza No.22,Kabupaten Badung,,+62 859-3152-9568,https://www.google.com/maps/search/?api=1&query=BALI%20QUEEN%20SPA&query_place_id=ChIJFdKFHwBH0i0R0mwkGH3NgNI,FALSE,FALSE,FALSE,FALSE,0,Rendah,0,1,2,6
Bali Ocean Spa,4.8,35,Jl. Kartika Plaza Jl. Samudra No.16x,Kabupaten Badung,,+62 821-1710-6114,https://www.google.com/maps/search/?api=1&query=Bali%20Ocean%20Spa&query_place_id=ChIJxz4m4x9E0i0R8UQTZ1dN95M,TRUE,TRUE,TRUE,FALSE,3,Sangat tinggi,0,1,2,3
Dayana home spa bali,5,2,,Kabupaten Badung,,+62 895-2877-1625,https://www.google.com/maps/search/?api=1&query=Dayana%20home%20spa%20bali&query_place_id=ChIJkRI5RAA50i0R5F7ihTFRw5k,FALSE,FALSE,FALSE,FALSE,0,Rendah,0,1,2,6
Carla Spa Kartika Baru,4.9,2036,Jl. Kartika Plaza,Kabupaten Badung,,+62 851-0363-1652,https://www.google.com/maps/search/?api=1&query=Carla%20Spa%20Kartika%20Baru&query_place_id=ChIJX1vchWZH0i0RomSNhyRuOrY,TRUE,FALSE,TRUE,TRUE,3,Sangat tinggi,0,1,2,3
Lily Spa Kuta,3.7,7,"7599+75J, Jl. Kartika Plaza",Kabupaten Badung,,,https://www.google.com/maps/search/?api=1&query=Lily%20Spa%20Kuta&query_place_id=ChIJhaILRQBH0i0RTfF-HNS5oEs,TRUE,FALSE,FALSE,FALSE,1,Sedang,0,0,1,7
Rama Beach spa,4.5,6,Jl. Kartika Plaza Jl. Samudra No.101x,Kabupaten Badung,https://www.ramabeachhotel.com/,,https://www.google.com/maps/search/?api=1&query=Rama%20Beach%20spa&query_place_id=ChIJh_DgJo1F0i0RO9AGmjjMaEQ,TRUE,FALSE,TRUE,TRUE,3,Sangat tinggi,1,0,4,5
Sun Island Hotel & Spa Kuta,4.3,1470,"Jalan Kartika Plaza No.88, Kuta",Kabupaten Badung,https://www.sunislandbali.com/kuta-hotel/,+62 361 761818,https://www.google.com/maps/search/?api=1&query=Sun%20Island%20Hotel%20%26%20Spa%20Kuta&query_place_id=ChIJn2RHm6FG0i0RZLWDXHqxsBk,TRUE,FALSE,TRUE,FALSE,2,Tinggi,1,1,0,2
Fresh Bali Massage,5,1,"7589+HVG, Jl. Kubu Anyar",Kabupaten Badung,,,https://www.google.com/maps/search/?api=1&query=Fresh%20Bali%20Massage&query_place_id=ChIJHemnQgBH0i0RtWHpv1KhEZk,FALSE,FALSE,FALSE,FALSE,0,Rendah,0,0,1,7
Rahayu bali spa,0,0,Jl. Kartika Plaza,Kabupaten Badung,,+62 851-3387-8649,https://www.google.com/maps/search/?api=1&query=Rahayu%20bali%20spa&query_place_id=ChIJBVHd8h5H0i0Rr4RJUHtmywo,FALSE,FALSE,FALSE,FALSE,0,Rendah,0,1,3,6
Kartika Massage Panggilan,5,4,Jl. Kartika Plaza,Bali,https://wa.link/zus12v,,https://www.google.com/maps/search/?api=1&query=Kartika%20Massage%20Panggilan&query_place_id=ChIJeV6DnAhH0i0RuWNFOEo1Me8,FALSE,FALSE,FALSE,FALSE,0,Rendah,1,0,1,5
Ashoka Spa,4.5,22,"7598+Q2M, Bali Dynasty Resort, JL Kartika Plaza, Tuban",Kabupaten Badung,https://bdr.pphotels.com/resort-facilities/ashoka-spa/,+62 361 752403,https://www.google.com/maps/search/?api=1&query=Ashoka%20Spa&query_place_id=ChIJAUYp26FG0i0RSTK26YykUTY,TRUE,TRUE,TRUE,TRUE,4,Sangat tinggi,1,1,4,1
Febri's Hotel & Spa,4.5,1601,"Jalan Kartika Plaza, Kuta",Kabupaten Badung,http://www.febrishotelspabali.com/,+62 361 754575,https://www.google.com/maps/search/?api=1&query=Febri's%20Hotel%20%26%20Spa&query_place_id=ChIJkbg0Sb9G0i0RkTnaA6fR7JE,TRUE,FALSE,TRUE,FALSE,2,Tinggi,1,1,0,2
Rai&Renita Massage,5,1,"7577+R7V, Jl. Wana Segara",Kabupaten Badung,,,https://www.google.com/maps/search/?api=1&query=Rai%26Renita%20Massage&query_place_id=ChIJUx_LEQBF0i0RFHeviUWJvCI,FALSE,FALSE,FALSE,FALSE,0,Rendah,0,0,1,7
Jess Bali Massage,5,15,"Lippo Mall Kuta.UG -19 jln Kartika plaza, lingkungan jln segara",Bali,,+62 882-0060-09298,https://www.google.com/maps/search/?api=1&query=Jess%20Bali%20Massage&query_place_id=ChIJHbBLAgBF0i0RhW0d3xCxIws,TRUE,FALSE,TRUE,FALSE,2,Tinggi,0,1,2,3
SWEDISH MASSAGE TRADISIONAL BALI (HOME SERVICE),5,1,7599+HF8,Kabupaten Badung,,,https://www.google.com/maps/search/?api=1&query=SWEDISH%20MASSAGE%20TRADISIONAL%20BALI%20(HOME%20SERVICE)&query_place_id=ChIJjw31YQBH0i0RAJ-95WvBhPo,FALSE,FALSE,FALSE,FALSE,0,Rendah,0,0,1,7
Zahra Spa Nusa Dua,4.9,35429,Jl. Nusa Dua,Kabupaten Badung,https://www.zahraspa.com/,+62 361 4774954,https://www.google.com/maps/search/?api=1&query=Zahra%20Spa%20Nusa%20Dua&query_place_id=ChIJWyomITtD0i0RvhGZyTEFy8Q,TRUE,FALSE,FALSE,TRUE,2,Tinggi,1,1,4,2
SERENE SPA & WELLNESS,4.9,1587,Jl. Terompong Jl. Raya Nusa Dua Selatan,Kabupaten Badung,https://www.serenebalispa.com/,+62 811-382-231,https://www.google.com/maps/search/?api=1&query=SERENE%20SPA%20%26%20WELLNESS&query_place_id=ChIJrXVv4cdc0i0R9993MppgGWw,TRUE,FALSE,FALSE,FALSE,1,Sedang,1,1,0,4
Zahra Luxury Spa Nusa Dua,4.9,8728,Jl. Bypass Ngurah Rai Jl. Nusa Dua No. 8x,Kabupaten Badung,https://zahraluxuryspa.com/,+62 859-3484-3289,https://www.google.com/maps/search/?api=1&query=Zahra%20Luxury%20Spa%20Nusa%20Dua&query_place_id=ChIJP_nGbohF0i0R-RxCvScOBRE,TRUE,TRUE,TRUE,TRUE,4,Sangat tinggi,1,1,4,1
Laluna Spa Bali,4.9,449,Jl. Terompong No.177,Kabupaten Badung,,+62 819-9926-4197,https://www.google.com/maps/search/?api=1&query=Laluna%20Spa%20Bali&query_place_id=ChIJxcFqbTJD0i0RBHS6c4wLERw,TRUE,FALSE,TRUE,FALSE,2,Tinggi,0,1,2,3
ANJA Spa and Reflexology,4.7,219,Jl. Pantai Mengiat No.6,Kabupaten Badung,,+62 813-3795-9700,https://www.google.com/maps/search/?api=1&query=ANJA%20Spa%20and%20Reflexology&query_place_id=ChIJKS5iyllD0i0R1v67egNf8d8,TRUE,FALSE,FALSE,FALSE,1,Sedang,0,1,2,6
AYODYA Spa,4.8,258,"Ayodya Resort Bali, Jl. Pantai Mengiat Jl. Raya Nusa Dua Selatan No.4",Kabupaten Badung,https://ayodyaresortbali.com/facilities/spa-at-the-ayodya/,+62 361 771102,https://www.google.com/maps/search/?api=1&query=AYODYA%20Spa&query_place_id=ChIJN1QReixD0i0RbbXsF5UgkNk,TRUE,FALSE,TRUE,TRUE,3,Sangat tinggi,1,1,4,1
Kristina spa Mengiat,4.8,1845,Jl. Pantai Mengiat No.6,Kabupaten Badung,https://www.facebook.com/Kristina-Mengiat-1774130416219310/,+62 853-3322-9406,https://www.google.com/maps/search/?api=1&query=Kristina%20spa%20Mengiat&query_place_id=ChIJ31Fc4jFD0i0R-MUEFfTrbqo,FALSE,FALSE,TRUE,FALSE,1,Sedang,1,1,0,4
Bali Karma Spa Therapy and Wellness in Nusa Dua. ''The Art of Healing'',4.7,135,"main gate, Jl. Raya Nusa Dua Selatan",Kabupaten Badung,https://karmaspatherapy.com/,+62 819-9941-9179,https://www.google.com/maps/search/?api=1&query=Bali%20Karma%20Spa%20Therapy%20and%20Wellness%20in%20Nusa%20Dua.%20''The%20Art%20of%20Healing''&query_place_id=ChIJwV2dLjtD0i0RyqRh0iEIcY4,TRUE,FALSE,FALSE,FALSE,1,Sedang,1,1,0,4
La Nusa Bali Spa I Tripadvisor Winning Awards 2025 I Best Couple Spa in Nusa Dua I Hotel Free Transfer,4.9,3597,Jl. Pratama No.35A,Kabupaten Badung,http://www.lanusabalispa.com/,+62 361 773376,https://www.google.com/maps/search/?api=1&query=La%20Nusa%20Bali%20Spa%20I%20Tripadvisor%20Winning%20Awards%202025%20I%20Best%20Couple%20Spa%20in%20Nusa%20Dua%20I%20Hotel%20Free%20Transfer&query_place_id=ChIJaVMLcBpD0i0RREZFO1ULKbk,TRUE,FALSE,TRUE,TRUE,3,Sangat tinggi,1,1,4,1
The Apurva Spa,4.9,747,Jl. Raya Nusa Dua Selatan Jl. Nusa Dua Lot 4,Kabupaten Badung,https://www.kempinski.com/en/the-apurva-kempinski-bali/luxury-spa?utm_medium=organic&utm_source=google&utm_campaign=KIDPS1&utm_content=gmb-Spa&source=S308962248,+62 361 2092288,https://www.google.com/maps/search/?api=1&query=The%20Apurva%20Spa&query_place_id=ChIJGaTM1xxd0i0RJ3-9H5bsqlQ,TRUE,FALSE,TRUE,TRUE,3,Sangat tinggi,1,1,4,1
Nusa Dua Spa by Lily Treatment,4.9,1381,"Jl, Maingate ITDC Jl. Bypass Ngurah Rai",Kabupaten Badung,https://www.nusaduaspa.com/treatments/spa-packages-in-nusa-dua/,+62 878-6427-2239,https://www.google.com/maps/search/?api=1&query=Nusa%20Dua%20Spa%20by%20Lily%20Treatment&query_place_id=ChIJG2tW6XFD0i0RoCJ-QJOmePA,TRUE,FALSE,TRUE,FALSE,2,Tinggi,1,1,0,2
Abby's hair and body treatment,5,1,"39WM+H2C, Jl. Darmawangsa Jl. Raya Kampial",,,+62 813-3721-6352,https://www.google.com/maps/search/?api=1&query=Abby's%20hair%20and%20body%20treatment&query_place_id=ChIJZVGyIN9j0i0RJYpiYDFNY2E,FALSE,FALSE,FALSE,FALSE,0,Rendah,0,1,2,6
Iridium Spa,4.5,46,"Kawasan Pariwisata Nusa Dua, Lot S6",Kabupaten Badung,https://www.marriott.com/en-us/hotels/dpsxr-the-st-regis-bali-resort/experiences/,+62 361 3006716,https://www.google.com/maps/search/?api=1&query=Iridium%20Spa&query_place_id=ChIJ2S0E59Jc0i0RkPH2CuWzVXo,FALSE,FALSE,FALSE,FALSE,0,Rendah,1,1,0,4
Pranama Spa,4.9,119,Jl. Terompong Jl. Raya Nusa Dua Selatan No.9,Kabupaten Badung,,+62 859-3525-4941,https://www.google.com/maps/search/?api=1&query=Pranama%20Spa&query_place_id=ChIJhdml1ZVD0i0RjLKT-aeIEDg,FALSE,FALSE,TRUE,FALSE,1,Sedang,0,1,2,6
Bali Refresh Spa Nusa Dua,4.3,330,Jl. Pantai Mengiat Street,Kabupaten Badung,https://spabalirefresh.id/,+62 821-4631-9476,https://www.google.com/maps/search/?api=1&query=Bali%20Refresh%20Spa%20Nusa%20Dua&query_place_id=ChIJGy5qAi5D0i0Rxsd5VvMYgqc,TRUE,FALSE,TRUE,FALSE,2,Tinggi,1,1,0,2
Body & Sol SPA Bali,4.9,1693,"Jalan Pratama 54 Z , Tanjung benoa",Kabupaten Badung,https://wa.me/628113898055,+62 811-3898-055,https://www.google.com/maps/search/?api=1&query=Body%20%26%20Sol%20SPA%20Bali&query_place_id=ChIJ-1knYJRD0i0RQyC6047uDXs,FALSE,FALSE,FALSE,FALSE,0,Rendah,1,1,0,4
Emily Spa Nusa Dua,4.9,987,"56RF+RJP, Jl. Nusa Dua",Kabupaten Badung,https://carlaspabali.com/cabang/detail/eHA5WWFYcUJsSmtHOW9YMWxHcFZ3dz09,+62 822-3660-9942,https://www.google.com/maps/search/?api=1&query=Emily%20Spa%20Nusa%20Dua&query_place_id=ChIJ2x3aPABD0i0RWz3d7Bx1q5w,TRUE,FALSE,FALSE,FALSE,1,Sedang,1,1,0,4
BALI DIVA SPA NUSA DUA,4.8,338,Jl. Terompong No.7,Kabupaten Badung,https://www.balidivaspa.com/,+62 877-8553-7836,https://www.google.com/maps/search/?api=1&query=BALI%20DIVA%20SPA%20NUSA%20DUA&query_place_id=ChIJ7xgyf4tD0i0RlGUcmbESj54,FALSE,FALSE,FALSE,FALSE,0,Rendah,1,1,0,4
eforea spa,4.9,31,Jl. Raya Nusa Dua Selatan,Kabupaten Badung,https://www.hilton.com/en/hotels/dpsbahi-hilton-bali-resort/resort/spa/,+62 361 773377,https://www.google.com/maps/search/?api=1&query=eforea%20spa&query_place_id=ChIJW1-Flqdd0i0RA_horqVDjyk,TRUE,FALSE,TRUE,FALSE,2,Tinggi,1,1,0,2
Bee Spa,4.7,40,Jl. Terompong No.11-10,Kabupaten Badung,,+62 858-5868-3078,https://www.google.com/maps/search/?api=1&query=Bee%20Spa&query_place_id=ChIJaVkMvJRD0i0RR2QzT_jaD8s,TRUE,FALSE,TRUE,FALSE,2,Tinggi,0,1,2,3
Palm Beach Spa,3,2,"Palm Beach Internation Hotel & Resort, Jl. Pantai Banjar Segara No.1",Kabupaten Badung,http://www.palmbeachhotelbali.com/,+62 361 751661,https://www.google.com/maps/search/?api=1&query=Palm%20Beach%20Spa&query_place_id=ChIJGy5pDyBE0i0Ri9hv4hhuhig,TRUE,FALSE,TRUE,FALSE,2,Tinggi,1,1,0,2
Kedaton Tropical Spa,4.5,26,Jl. Kartika Plaza No.2,Kabupaten Badung,,+62 822-1327-7217,https://www.google.com/maps/search/?api=1&query=Kedaton%20Tropical%20Spa&query_place_id=ChIJpXNB0KNG0i0RQni9vjwn944,TRUE,FALSE,FALSE,FALSE,1,Sedang,0,1,2,6
10 Hand Spa,0,0,"75C9+2JV, Jalan Kartika Plaza, Gg.Puspa Ayu, Kuta",Kabupaten Badung,,+62 819-3600-2190,https://www.google.com/maps/search/?api=1&query=10%20Hand%20Spa&query_place_id=ChIJvwNYeaFG0i0RM_n-rbaZQCA,FALSE,FALSE,FALSE,FALSE,0,Rendah,0,1,3,6
The Rani Hotel & Spa,4.2,889,Jl. Kartika Plaza,Kabupaten Badung,https://theranihotel.com/,+62 361 752732,https://www.google.com/maps/search/?api=1&query=The%20Rani%20Hotel%20%26%20Spa&query_place_id=ChIJDe4AZqBG0i0RnSLq7uUXTwY,TRUE,TRUE,TRUE,FALSE,3,Sangat tinggi,1,1,4,1
Niki Massage by the beach,0,0,"7587+JG7, Pantai Jl. Segara Mertha",Kabupaten Badung,,,https://www.google.com/maps/search/?api=1&query=Niki%20Massage%20by%20the%20beach&query_place_id=ChIJW1KPAQBH0i0RS_g-yN4aYJI,FALSE,FALSE,FALSE,FALSE,0,Rendah,0,0,5,7
CACA PIJAT TRADISIONAL BALI(HOME SERVICE),5,5,"gang budak sari blok C kost, Jl. Kartika Plaza No.4",Kabupaten Badung,,+62 831-7024-2227,https://www.google.com/maps/search/?api=1&query=CACA%20PIJAT%20TRADISIONAL%20BALI(HOME%20SERVICE)&query_place_id=ChIJPR-Z9iVH0i0RbVy2H-vxD_Y,FALSE,FALSE,FALSE,FALSE,0,Rendah,0,1,2,6
Bit Massage by the beach,0,0,"7587+VJ5, Jl. Kartika Plaza",Kabupaten Badung,,,https://www.google.com/maps/search/?api=1&query=Bit%20Massage%20by%20the%20beach&query_place_id=ChIJGcWMaABH0i0R8bzFzSk5bb4,FALSE,FALSE,FALSE,FALSE,0,Rendah,0,0,5,7
Bali Semerti,0,0,"7597+FR7, Jl. Dewi Sartika",Kabupaten Badung,,+62 812-4616-2199,https://www.google.com/maps/search/?api=1&query=Bali%20Semerti&query_place_id=ChIJ24BhxwRH0i0RpdXPNzm7zjI,FALSE,FALSE,TRUE,FALSE,1,Sedang,0,1,3,6
Eden Hotel Kuta Bali,4.2,3911,Jl. Kartika Plaza No.42,Kabupaten Badung,https://www.myedenhotels.com/,+62 361 4726402,https://www.google.com/maps/search/?api=1&query=Eden%20Hotel%20Kuta%20Bali&query_place_id=ChIJ3TSZXaBG0i0RNckODKX7Z8A,TRUE,TRUE,TRUE,TRUE,4,Sangat tinggi,1,1,4,1
Sari and Jody Spa,5,2,7599+85X,Kabupaten Badung,,,https://www.google.com/maps/search/?api=1&query=Sari%20and%20Jody%20Spa&query_place_id=ChIJUSQbBwBH0i0RUOhMQxxmmf8,FALSE,FALSE,FALSE,FALSE,0,Rendah,0,0,1,7
OGAWA Sogo Discovery Bali,5,1,Jl. Kartika Plaza No.1 Blk LG,Kabupaten Badung,http://ogawaworld.co.id/,+62 859-4089-7938,https://www.google.com/maps/search/?api=1&query=OGAWA%20Sogo%20Discovery%20Bali&query_place_id=ChIJ3c-UYLRH0i0RNI3TQlNhPgs,TRUE,TRUE,TRUE,FALSE,3,Sangat tinggi,1,1,4,1
Kaya Reflexology & Body Treatments,5,1,Jl. Kartika Plaza,Kabupaten Badung,,,https://www.google.com/maps/search/?api=1&query=Kaya%20Reflexology%20%26%20Body%20Treatments&query_place_id=ChIJ2VBLn6FG0i0RMyFbetWdKnw,FALSE,FALSE,FALSE,FALSE,0,Rendah,0,0,1,7
SANNY DAY SPA & SALON,1,9,Jl. Kartika Plaza No.2,Kabupaten Badung,,,https://www.google.com/maps/search/?api=1&query=SANNY%20DAY%20SPA%20%26%20SALON&query_place_id=ChIJ9-V7fqFG0i0R7XvY_ma-meI,FALSE,FALSE,FALSE,FALSE,0,Rendah,0,0,5,7
Waxing Hair Salon & Beauty Spa,0,0,,Kabupaten Badung,,,https://www.google.com/maps/search/?api=1&query=Waxing%20Hair%20Salon%20%26%20Beauty%20Spa&query_place_id=ChIJv0gDpqFG0i0RRfLOT1K49yM,FALSE,FALSE,FALSE,FALSE,0,Rendah,0,0,5,7
Waxing Salon,4.2,20,Jl. Kartika Plaza Jl. Samudra No.69,Kabupaten Badung,https://waxingbeautysalons.wixsite.com/waxing-beauty-salon,,https://www.google.com/maps/search/?api=1&query=Waxing%20Salon&query_place_id=ChIJNeJZAKBG0i0RRPBaesEx8nM,FALSE,FALSE,TRUE,FALSE,1,Sedang,1,0,1,5
Rosehill Spa (로즈힐 스파 ),4.7,510,Jl. Raya Nusa Dua Selatan Jl. Nusa Dua,Kabupaten Badung,http://www.rosehillspa.com/,+62 822-3744-2111,https://www.google.com/maps/search/?api=1&query=Rosehill%20Spa%20(%EB%A1%9C%EC%A6%88%ED%9E%90%20%EC%8A%A4%ED%8C%8C%20)&query_place_id=ChIJkaoE5cZc0i0R2UqEu7fz9Uo,TRUE,FALSE,FALSE,FALSE,1,Sedang,1,1,0,4
uluwatu,0,0,"56J9+F6F, Jl. Nusa Dua",Kabupaten Badung,,+62 857-3720-6955,https://www.google.com/maps/search/?api=1&query=uluwatu&query_place_id=ChIJUWsuCQBd0i0REviA0QFS37w,FALSE,FALSE,FALSE,FALSE,0,Rendah,0,1,3,6
Lotus spa nusa dua out call,0,0,56F7+GR9,Kabupaten Badung,,+62 858-2971-7727,https://www.google.com/maps/search/?api=1&query=Lotus%20spa%20nusa%20dua%20out%20call&query_place_id=ChIJ8x7Lzs9d0i0REwSRIVgCMZY,FALSE,FALSE,FALSE,FALSE,0,Rendah,0,1,3,6
Massage On Call (Ria Spa),4.8,39,,Kabupaten Badung,https://jimbaranspa.com/,+62 819-3605-1894,https://www.google.com/maps/search/?api=1&query=Massage%20On%20Call%20(Ria%20Spa)&query_place_id=ChIJOQ8YyKhF0i0Rn1kQ_vr2NKE,TRUE,FALSE,TRUE,FALSE,2,Tinggi,1,1,0,2
Home massage Moist Spa,5,9,Jl. Raya Nusa Dua Selatan,Denpasar,https://wa.me/6285815264927,,https://www.google.com/maps/search/?api=1&query=Home%20massage%20Moist%20Spa&query_place_id=ChIJUWT4uzhd0i0RpneExnpJv_8,FALSE,FALSE,FALSE,FALSE,0,Rendah,1,0,1,5
Wellness Massage On Call,5,2,"5692+R4P, Jl. Raya Nusa Dua Selatan",Kabupaten Badung,,,https://www.google.com/maps/search/?api=1&query=Wellness%20Massage%20On%20Call&query_place_id=ChIJ6buqdABd0i0ROaS1SgOpYPQ,FALSE,FALSE,FALSE,FALSE,0,Rendah,0,0,1,7
Bali Massage Out Call Melisa Spa,5,1,"56C7+QF7, Jl. Raya Nusa Dua Selatan Gg. Lulung Dukuh Sari",Kabupaten Badung,,,https://www.google.com/maps/search/?api=1&query=Bali%20Massage%20Out%20Call%20Melisa%20Spa&query_place_id=ChIJ30faHgBd0i0RdZJJEZECeLU,FALSE,FALSE,FALSE,FALSE,0,Rendah,0,0,1,7
Healing SPA,0,0,Raya kampial L6,Kabupaten Badung,,+62 812-3757-8619,https://www.google.com/maps/search/?api=1&query=Healing%20SPA&query_place_id=ChIJ_1oycHZd0i0R3Y6GxNly75Y,FALSE,FALSE,FALSE,FALSE,0,Rendah,0,1,3,6
NUSA DUA HEALING MASSAGE ON CALL HOME SERVICE,5,117,"Dekat, Jl. Raya Nusa Dua Selatan",Kabupaten Badung,,+62 858-0873-7115,https://www.google.com/maps/search/?api=1&query=NUSA%20DUA%20HEALING%20MASSAGE%20ON%20CALL%20HOME%20SERVICE&query_place_id=ChIJ-d1q1ylH0i0RS7vSYLTu_ng,FALSE,FALSE,FALSE,FALSE,0,Rendah,0,1,2,6
The Apurva Kempinski Bali,4.8,15929,Jl. Raya Nusa Dua Selatan No.4,Kabupaten Badung,https://www.kempinski.com/en/the-apurva-kempinski-bali?utm_medium=organic&utm_source=google&utm_campaign=KIDPS1&utm_content=gmb&source=S308962248,+62 361 2092288,https://www.google.com/maps/search/?api=1&query=The%20Apurva%20Kempinski%20Bali&query_place_id=ChIJ-y0a4MBc0i0RnO2HW2UbbUg,TRUE,FALSE,TRUE,TRUE,3,Sangat tinggi,1,1,4,1
Hasian essence spa home service,5,1,Jl. Nusa Dua,Kabupaten Badung,https://hasianessencespahomeservice.com/,+62 821-5681-9850,https://www.google.com/maps/search/?api=1&query=Hasian%20essence%20spa%20home%20service&query_place_id=ChIJH06DI1Mo9kMR1ASDt86COGM,FALSE,FALSE,FALSE,FALSE,0,Rendah,1,1,0,4
Samiya Beauty & Spa,5,10,Jl. Asmara Villa,Kabupaten Badung,https://samiyabali.com/home/spa/,+62 821-4356-286,https://www.google.com/maps/search/?api=1&query=Samiya%20Beauty%20%26%20Spa&query_place_id=ChIJgeXi7G5d0i0R4cZfiyd2Tb4,TRUE,FALSE,TRUE,FALSE,2,Tinggi,1,1,0,2
Chakra Spa at VOUK Hotel & Suites,4.9,8,"56J9+M48, Jl. Raya Nusa Dua Selatan, Sawangan",Kabupaten Badung,,,https://www.google.com/maps/search/?api=1&query=Chakra%20Spa%20at%20VOUK%20Hotel%20%26%20Suites&query_place_id=ChIJ5YtVFMlc0i0R0BPKRyCeT2U,TRUE,FALSE,FALSE,FALSE,1,Sedang,0,0,1,7
Day spa,0,0,5697+WV2,Kabupaten Badung,,,https://www.google.com/maps/search/?api=1&query=Day%20spa&query_place_id=ChIJuyhLAgBd0i0RimpOEk7a1Rk,FALSE,FALSE,FALSE,FALSE,0,Rendah,0,0,5,7
